run,source_url,logged_step,rollout,window,microbatch,optimizer_step,component,training_seed,sample_count,valid,gain_valid,retention_valid,F,P,A,gain,retention,equal_state_gain,equal_state_valid_count,zero_force_count,group,population
9mau8hwi,https://wandb.ai/vanzl3386-chinese-university-of-hong-kong-shenzhen/flow-grpo-algo/runs/9mau8hwi,0,0,0,0,0,guidance,42,80,True,True,True,0.0001787302635727346,0.0010341837133918859,0.00029570641948859904,5.7862820359520315,0.28593219527577907,5.867608410211547,30,50,Flow-GRPO,all_40
9mau8hwi,https://wandb.ai/vanzl3386-chinese-university-of-hong-kong-shenzhen/flow-grpo-algo/runs/9mau8hwi,1,0,1,8,1,guidance,42,80,True,True,True,0.0008821121449629511,0.0048327844867723565,0.001597610056569166,5.478650888516373,0.330577550259468,4.628248749517472,36,44,Flow-GRPO,all_40
9mau8hwi,https://wandb.ai/vanzl3386-chinese-university-of-hong-kong-shenzhen/flow-grpo-algo/runs/9mau8hwi,2,1,0,0,2,guidance,42,80,True,True,True,0.00017602728151666622,0.0008129170517342937,0.00023415559462268326,4.618131034747173,0.2880436498694805,4.358447310026501,38,42,Flow-GRPO,all_40
9mau8hwi,https://wandb.ai/vanzl3386-chinese-university-of-hong-kong-shenzhen/flow-grpo-algo/runs/9mau8hwi,3,1,1,8,3,guidance,42,80,True,True,True,5.5462124675625406e-05,0.00021206338623744819,7.222031813568785e-05,3.8235712655747967,0.34056005337395906,3.6144708302405615,27,53,Flow-GRPO,all_40
9mau8hwi,https://wandb.ai/vanzl3386-chinese-university-of-hong-kong-shenzhen/flow-grpo-algo/runs/9mau8hwi,4,2,0,0,4,guidance,42,80,True,True,True,0.00045304563074426705,0.001804216060717562,0.0006247863672386985,3.982415761859531,0.3462924318444501,3.9496220315492603,38,42,Flow-GRPO,all_40
9mau8hwi,https://wandb.ai/vanzl3386-chinese-university-of-hong-kong-shenzhen/flow-grpo-algo/runs/9mau8hwi,5,2,1,8,5,guidance,42,80,True,True,True,0.00016151075748249325,0.0005382030554391146,0.0001349447244259473,3.3323046949207233,0.2507319924370315,3.499536553266454,39,41,Flow-GRPO,all_40
9mau8hwi,https://wandb.ai/vanzl3386-chinese-university-of-hong-kong-shenzhen/flow-grpo-algo/runs/9mau8hwi,6,3,0,0,6,guidance,42,80,True,True,True,0.0001311104104498142,0.0004836245400520571,0.0001267703017031827,3.6886814585724794,0.26212545312431257,3.5083701741905657,33,47,Flow-GRPO,all_40
9mau8hwi,https://wandb.ai/vanzl3386-chinese-university-of-hong-kong-shenzhen/flow-grpo-algo/runs/9mau8hwi,7,3,1,8,7,guidance,42,80,True,True,True,0.0023573153937506705,0.00854944738044831,0.0024865968689988588,3.626772812459974,0.2908488418427424,3.6005637054210777,48,32,Flow-GRPO,all_40
9mau8hwi,https://wandb.ai/vanzl3386-chinese-university-of-hong-kong-shenzhen/flow-grpo-algo/runs/9mau8hwi,8,4,0,0,8,guidance,42,80,True,True,True,0.0002927853384046279,0.0010383978004496902,0.00031388391825587476,3.546618167794419,0.30227714091838764,3.33196802444796,60,20,Flow-GRPO,all_40
9mau8hwi,https://wandb.ai/vanzl3386-chinese-university-of-hong-kong-shenzhen/flow-grpo-algo/runs/9mau8hwi,9,4,1,8,9,guidance,42,80,True,True,True,0.0003156235560912709,0.0011320625113475171,0.0003370010305329492,3.586749117737433,0.2976876516578665,3.8715451624178834,37,43,Flow-GRPO,all_40
9mau8hwi,https://wandb.ai/vanzl3386-chinese-university-of-hong-kong-shenzhen/flow-grpo-algo/runs/9mau8hwi,10,5,0,0,10,guidance,42,80,True,True,True,0.0006369191414778293,0.002443963331681029,0.0008697025244208216,3.8371642058210953,0.35585743580801393,3.1261997589439585,49,31,Flow-GRPO,all_40
9mau8hwi,https://wandb.ai/vanzl3386-chinese-university-of-hong-kong-shenzhen/flow-grpo-algo/runs/9mau8hwi,11,5,1,8,11,guidance,42,80,True,True,True,0.001568650400687907,0.005727042297869899,0.0018762953983913074,3.650936050096563,0.32762031443161715,3.6304406428082343,49,31,Flow-GRPO,all_40
9mau8hwi,https://wandb.ai/vanzl3386-chinese-university-of-hong-kong-shenzhen/flow-grpo-algo/runs/9mau8hwi,12,6,0,0,12,guidance,42,80,True,True,True,0.00034045161190498634,0.0013051930797007287,0.00028013431042345926,3.833710971134963,0.21463055143357948,3.7210380897323287,49,31,Flow-GRPO,all_40
9mau8hwi,https://wandb.ai/vanzl3386-chinese-university-of-hong-kong-shenzhen/flow-grpo-algo/runs/9mau8hwi,13,6,1,8,13,guidance,42,80,True,True,True,0.0015183097834623818,0.005658092931924632,0.001770616113491082,3.7265734526335015,0.31293514171546083,3.6760648719354108,58,22,Flow-GRPO,all_40
9mau8hwi,https://wandb.ai/vanzl3386-chinese-university-of-hong-kong-shenzhen/flow-grpo-algo/runs/9mau8hwi,14,7,0,0,14,guidance,42,80,True,True,True,0.00028149436775547123,0.0011030240919898716,0.00022949741836675964,3.9184588337769073,0.20806201789549578,3.54040077821312,59,21,Flow-GRPO,all_40
9mau8hwi,https://wandb.ai/vanzl3386-chinese-university-of-hong-kong-shenzhen/flow-grpo-algo/runs/9mau8hwi,15,7,1,8,15,guidance,42,80,True,True,True,0.0008721731707541952,0.003002431797895176,0.0009509619244888674,3.4424720899163637,0.31673056658790033,3.4999241767510423,57,23,Flow-GRPO,all_40
9mau8hwi,https://wandb.ai/vanzl3386-chinese-university-of-hong-kong-shenzhen/flow-grpo-algo/runs/9mau8hwi,16,8,0,0,16,guidance,42,80,True,True,True,0.0013643038043226138,0.004750806055475487,0.0018683351048814616,3.4822200454350374,0.3932669705024337,3.5204840577672605,53,27,Flow-GRPO,all_40
9mau8hwi,https://wandb.ai/vanzl3386-chinese-university-of-hong-kong-shenzhen/flow-grpo-algo/runs/9mau8hwi,17,8,1,8,17,guidance,42,80,True,True,True,0.0012260314091526734,0.004409673808849308,0.00123266003435156,3.59670541548107,0.27953542320474245,3.6783911702219187,56,24,Flow-GRPO,all_40
9mau8hwi,https://wandb.ai/vanzl3386-chinese-university-of-hong-kong-shenzhen/flow-grpo-algo/runs/9mau8hwi,18,9,0,0,18,guidance,42,80,True,True,True,0.0013090285156590147,0.004780840501781807,0.0014300388452060235,3.652205008975645,0.29911871033410375,3.6045002563888464,56,24,Flow-GRPO,all_40
9mau8hwi,https://wandb.ai/vanzl3386-chinese-university-of-hong-kong-shenzhen/flow-grpo-algo/runs/9mau8hwi,19,9,1,8,19,guidance,42,80,True,True,True,0.0001712694516870674,0.0006135983418483293,0.00019315533099773194,3.5826490702466716,0.3147911554257044,3.388287701167358,54,26,Flow-GRPO,all_40
9mau8hwi,https://wandb.ai/vanzl3386-chinese-university-of-hong-kong-shenzhen/flow-grpo-algo/runs/9mau8hwi,20,10,0,0,20,guidance,42,80,True,True,True,0.001846079622081476,0.006437004209616103,0.0021665665357140053,3.4868508013529267,0.3365799470004102,3.494665254361943,54,26,Flow-GRPO,all_40
9mau8hwi,https://wandb.ai/vanzl3386-chinese-university-of-hong-kong-shenzhen/flow-grpo-algo/runs/9mau8hwi,21,10,1,8,21,guidance,42,80,True,True,True,0.0007146759833446452,0.0021958020455505487,0.0007820094633941465,3.0724441519278614,0.3561384164746394,3.353781421605048,46,34,Flow-GRPO,all_40
9mau8hwi,https://wandb.ai/vanzl3386-chinese-university-of-hong-kong-shenzhen/flow-grpo-algo/runs/9mau8hwi,22,11,0,0,22,guidance,42,80,True,True,True,0.0016585893825577125,0.006355152505257822,0.0019650216879036524,3.831661152597959,0.30920134273377814,3.5974058864362877,51,29,Flow-GRPO,all_40
9mau8hwi,https://wandb.ai/vanzl3386-chinese-university-of-hong-kong-shenzhen/flow-grpo-algo/runs/9mau8hwi,23,11,1,8,23,guidance,42,80,True,True,True,0.00013302753978123352,0.0006275416246512816,0.00023472855198491274,4.717381270699935,0.3740445936400617,3.59357061240598,27,53,Flow-GRPO,all_40
9mau8hwi,https://wandb.ai/vanzl3386-chinese-university-of-hong-kong-shenzhen/flow-grpo-algo/runs/9mau8hwi,24,12,0,0,24,guidance,42,80,True,True,True,0.0009920328169586998,0.0034282930465716643,0.0007010485079952503,3.455826246839161,0.20448908493872994,3.490017511717876,80,0,Flow-GRPO,all_40
9mau8hwi,https://wandb.ai/vanzl3386-chinese-university-of-hong-kong-shenzhen/flow-grpo-algo/runs/9mau8hwi,25,12,1,8,25,guidance,42,80,True,True,True,0.000691207308227167,0.0023806048103761092,0.0008560453539202932,3.444125636463493,0.35959154169105767,3.421794849088164,44,36,Flow-GRPO,all_40
9mau8hwi,https://wandb.ai/vanzl3386-chinese-university-of-hong-kong-shenzhen/flow-grpo-algo/runs/9mau8hwi,26,13,0,0,26,guidance,42,80,True,True,True,0.0018099666723156945,0.007709193109697962,0.002412087860236022,4.259301139415303,0.3128846074956507,4.024397962658338,40,40,Flow-GRPO,all_40
9mau8hwi,https://wandb.ai/vanzl3386-chinese-university-of-hong-kong-shenzhen/flow-grpo-algo/runs/9mau8hwi,27,13,1,8,27,guidance,42,80,True,True,True,0.00041004466780766884,0.001723266393034855,0.0006171004430133352,4.202630904209568,0.3580992732798298,3.8601674163028945,50,30,Flow-GRPO,all_40
9mau8hwi,https://wandb.ai/vanzl3386-chinese-university-of-hong-kong-shenzhen/flow-grpo-algo/runs/9mau8hwi,28,14,0,0,28,guidance,42,80,True,True,True,0.0013349507174461488,0.004797937229846163,0.0009884895400103014,3.594093150513408,0.20602385830754094,3.700022262251923,80,0,Flow-GRPO,all_40
9mau8hwi,https://wandb.ai/vanzl3386-chinese-university-of-hong-kong-shenzhen/flow-grpo-algo/runs/9mau8hwi,29,14,1,8,29,guidance,42,80,True,True,True,0.0002400062895866986,0.0008154434063332256,0.0001880916419844413,3.397591820353771,0.23066179764727762,3.2358194859657425,45,35,Flow-GRPO,all_40
9mau8hwi,https://wandb.ai/vanzl3386-chinese-university-of-hong-kong-shenzhen/flow-grpo-algo/runs/9mau8hwi,30,15,0,0,30,guidance,42,80,True,True,True,0.0010136567150337732,0.0038046458577770453,0.001165390283779471,3.7533869221694856,0.3063071642784587,3.9809548437086013,51,29,Flow-GRPO,all_40
9mau8hwi,https://wandb.ai/vanzl3386-chinese-university-of-hong-kong-shenzhen/flow-grpo-algo/runs/9mau8hwi,31,15,1,8,31,guidance,42,80,True,True,True,0.002083776394134504,0.00808548154918438,0.002365119722483461,3.880205943374593,0.2925143923829795,3.90467644259594,62,18,Flow-GRPO,all_40
9mau8hwi,https://wandb.ai/vanzl3386-chinese-university-of-hong-kong-shenzhen/flow-grpo-algo/runs/9mau8hwi,32,16,0,0,32,guidance,42,80,True,True,True,0.0003692299319669826,0.0016449408967335287,0.00034927588319333804,4.4550583642298625,0.21233339379361227,4.3040895041905705,59,21,Flow-GRPO,all_40
9mau8hwi,https://wandb.ai/vanzl3386-chinese-university-of-hong-kong-shenzhen/flow-grpo-algo/runs/9mau8hwi,33,16,1,8,33,guidance,42,80,True,True,True,0.0016571672605454504,0.005900542733960233,0.0017110900183186866,3.560619905089177,0.2899885816385342,3.6937200692490615,65,15,Flow-GRPO,all_40
9mau8hwi,https://wandb.ai/vanzl3386-chinese-university-of-hong-kong-shenzhen/flow-grpo-algo/runs/9mau8hwi,34,17,0,0,34,guidance,42,80,True,True,True,0.0008259579664509628,0.003400282488932524,0.0009842137299204752,4.116774251289214,0.28945057745171543,3.888310922809256,62,18,Flow-GRPO,all_40
9mau8hwi,https://wandb.ai/vanzl3386-chinese-university-of-hong-kong-shenzhen/flow-grpo-algo/runs/9mau8hwi,35,17,1,8,35,guidance,42,80,True,True,True,0.0005005131276912489,0.0018964157944163598,0.0004921580652345124,3.788943165515131,0.25952012564100096,3.5789182587522816,54,26,Flow-GRPO,all_40
9mau8hwi,https://wandb.ai/vanzl3386-chinese-university-of-hong-kong-shenzhen/flow-grpo-algo/runs/9mau8hwi,36,18,0,0,36,guidance,42,80,True,True,True,0.0008769978159459955,0.003331683114298237,0.0008605530737121603,3.7989639811182814,0.25829379451455464,3.820376684269702,50,30,Flow-GRPO,all_40
9mau8hwi,https://wandb.ai/vanzl3386-chinese-university-of-hong-kong-shenzhen/flow-grpo-algo/runs/9mau8hwi,37,18,1,8,37,guidance,42,80,True,True,True,0.001241664261309995,0.005343261105992684,0.001306884267446945,4.3033058713918155,0.24458551463659922,4.262113424399052,53,27,Flow-GRPO,all_40
9mau8hwi,https://wandb.ai/vanzl3386-chinese-university-of-hong-kong-shenzhen/flow-grpo-algo/runs/9mau8hwi,38,19,0,0,38,guidance,42,80,True,True,True,0.0012742040227754817,0.0051435461157986456,0.0011487933647787794,4.036673895123115,0.2233465665351393,4.0468424361495,80,0,Flow-GRPO,all_40
9mau8hwi,https://wandb.ai/vanzl3386-chinese-university-of-hong-kong-shenzhen/flow-grpo-algo/runs/9mau8hwi,39,19,1,8,39,guidance,42,80,True,True,True,0.0005490604477671543,0.0023816877017547567,0.0009073606885709716,4.33775135586671,0.3809738312468319,3.940997384415929,53,27,Flow-GRPO,all_40
9mau8hwi,https://wandb.ai/vanzl3386-chinese-university-of-hong-kong-shenzhen/flow-grpo-algo/runs/9mau8hwi,1,0,1,8,1,reference_mse,42,80,True,True,True,0.0002552824504286569,0.06755454391769995,0.03699031508983184,264.62666667554277,0.5475622059545874,,,,Flow-GRPO,reference_mse_pair
9mau8hwi,https://wandb.ai/vanzl3386-chinese-university-of-hong-kong-shenzhen/flow-grpo-algo/runs/9mau8hwi,2,1,0,0,2,reference_mse,42,80,True,True,True,0.00031673033952699597,0.05054373002445549,0.024434449733769494,159.5796919863671,0.4834318662660419,,,,Flow-GRPO,reference_mse_pair
9mau8hwi,https://wandb.ai/vanzl3386-chinese-university-of-hong-kong-shenzhen/flow-grpo-algo/runs/9mau8hwi,3,1,1,8,3,reference_mse,42,80,True,True,True,0.00046068966844823147,0.06986139604904992,0.03056409082246895,151.64524154485218,0.4374961359347843,,,,Flow-GRPO,reference_mse_pair
9mau8hwi,https://wandb.ai/vanzl3386-chinese-university-of-hong-kong-shenzhen/flow-grpo-algo/runs/9mau8hwi,4,2,0,0,4,reference_mse,42,80,True,True,True,0.0004730060333109062,0.0687761481699542,0.02916765305565693,145.40226408644503,0.4240954725114893,,,,Flow-GRPO,reference_mse_pair
9mau8hwi,https://wandb.ai/vanzl3386-chinese-university-of-hong-kong-shenzhen/flow-grpo-algo/runs/9mau8hwi,5,2,1,8,5,reference_mse,42,80,True,True,True,0.00042403481090364035,0.05927667808674514,0.02511693631067371,139.792008963659,0.42372374973371035,,,,Flow-GRPO,reference_mse_pair
9mau8hwi,https://wandb.ai/vanzl3386-chinese-university-of-hong-kong-shenzhen/flow-grpo-algo/runs/9mau8hwi,6,3,0,0,6,reference_mse,42,80,True,True,True,0.00043113600467057695,0.05595583056074027,0.02259525811051199,129.78695807021518,0.40380524932043943,,,,Flow-GRPO,reference_mse_pair
9mau8hwi,https://wandb.ai/vanzl3386-chinese-university-of-hong-kong-shenzhen/flow-grpo-algo/runs/9mau8hwi,7,3,1,8,7,reference_mse,42,80,True,True,True,0.0004420009303750419,0.05939636954141603,0.025216113146278397,134.38064370366294,0.42453963669775563,,,,Flow-GRPO,reference_mse_pair
9mau8hwi,https://wandb.ai/vanzl3386-chinese-university-of-hong-kong-shenzhen/flow-grpo-algo/runs/9mau8hwi,8,4,0,0,8,reference_mse,42,80,True,True,True,0.00042679589216961287,0.058437845020406234,0.02516262192503994,136.92222931982312,0.43058777948182836,,,,Flow-GRPO,reference_mse_pair
9mau8hwi,https://wandb.ai/vanzl3386-chinese-university-of-hong-kong-shenzhen/flow-grpo-algo/runs/9mau8hwi,9,4,1,8,9,reference_mse,42,80,True,True,True,0.0004131192390897329,0.06558567870440361,0.027125815953090604,158.75726061297732,0.41359358458951645,,,,Flow-GRPO,reference_mse_pair
9mau8hwi,https://wandb.ai/vanzl3386-chinese-university-of-hong-kong-shenzhen/flow-grpo-algo/runs/9mau8hwi,10,5,0,0,10,reference_mse,42,80,True,True,True,0.00039922919700804613,0.05133145001354169,0.022248778728422274,128.57639270433205,0.4334336692720126,,,,Flow-GRPO,reference_mse_pair
9mau8hwi,https://wandb.ai/vanzl3386-chinese-university-of-hong-kong-shenzhen/flow-grpo-algo/runs/9mau8hwi,11,5,1,8,11,reference_mse,42,80,True,True,True,0.00039553822154155774,0.05216519116073474,0.021659563819725253,131.8840716768858,0.41521105046824064,,,,Flow-GRPO,reference_mse_pair
9mau8hwi,https://wandb.ai/vanzl3386-chinese-university-of-hong-kong-shenzhen/flow-grpo-algo/runs/9mau8hwi,12,6,0,0,12,reference_mse,42,80,True,True,True,0.00042725997564118577,0.06152588857215206,0.024185678239300647,144.00105809073418,0.3930975854324777,,,,Flow-GRPO,reference_mse_pair
9mau8hwi,https://wandb.ai/vanzl3386-chinese-university-of-hong-kong-shenzhen/flow-grpo-algo/runs/9mau8hwi,13,6,1,8,13,reference_mse,42,80,True,True,True,0.00044660506606135385,0.0738297677507787,0.030138180575651465,165.3133234736663,0.4082117754641534,,,,Flow-GRPO,reference_mse_pair
9mau8hwi,https://wandb.ai/vanzl3386-chinese-university-of-hong-kong-shenzhen/flow-grpo-algo/runs/9mau8hwi,14,7,0,0,14,reference_mse,42,80,True,True,True,0.0004256784120806248,0.05550953961445178,0.023896114924349895,130.4025246268258,0.43048663509593577,,,,Flow-GRPO,reference_mse_pair
9mau8hwi,https://wandb.ai/vanzl3386-chinese-university-of-hong-kong-shenzhen/flow-grpo-algo/runs/9mau8hwi,15,7,1,8,15,reference_mse,42,80,True,True,True,0.00042370304978330735,0.05568610896050959,0.024418585867395294,131.42720825112988,0.43850407800466,,,,Flow-GRPO,reference_mse_pair
9mau8hwi,https://wandb.ai/vanzl3386-chinese-university-of-hong-kong-shenzhen/flow-grpo-algo/runs/9mau8hwi,16,8,0,0,16,reference_mse,42,80,True,True,True,0.0003928511895951482,0.057249207092090325,0.022149741689843454,145.72746273490566,0.3869004098906325,,,,Flow-GRPO,reference_mse_pair
9mau8hwi,https://wandb.ai/vanzl3386-chinese-university-of-hong-kong-shenzhen/flow-grpo-algo/runs/9mau8hwi,17,8,1,8,17,reference_mse,42,80,True,True,True,0.00041622106525199883,0.06045586292409817,0.022886610649784696,145.24940703684828,0.3785672644937455,,,,Flow-GRPO,reference_mse_pair
9mau8hwi,https://wandb.ai/vanzl3386-chinese-university-of-hong-kong-shenzhen/flow-grpo-algo/runs/9mau8hwi,18,9,0,0,18,reference_mse,42,80,True,True,True,0.0004419250299582872,0.05947606576291107,0.024630065464805014,134.5840622979082,0.4141172612692244,,,,Flow-GRPO,reference_mse_pair
9mau8hwi,https://wandb.ai/vanzl3386-chinese-university-of-hong-kong-shenzhen/flow-grpo-algo/runs/9mau8hwi,19,9,1,8,19,reference_mse,42,80,True,True,True,0.0004106154639962163,0.05660500906854797,0.023151959985155162,137.8540606280468,0.4090090323476218,,,,Flow-GRPO,reference_mse_pair
9mau8hwi,https://wandb.ai/vanzl3386-chinese-university-of-hong-kong-shenzhen/flow-grpo-algo/runs/9mau8hwi,20,10,0,0,20,reference_mse,42,80,True,True,True,0.0004238721044288149,0.06321904531334487,0.026725224590188564,149.14651059317794,0.4227400850127541,,,,Flow-GRPO,reference_mse_pair
9mau8hwi,https://wandb.ai/vanzl3386-chinese-university-of-hong-kong-shenzhen/flow-grpo-algo/runs/9mau8hwi,21,10,1,8,21,reference_mse,42,80,True,True,True,0.00041705017810142795,0.053045255546505056,0.021845665795593917,127.19154272511611,0.4118307202128889,,,,Flow-GRPO,reference_mse_pair
9mau8hwi,https://wandb.ai/vanzl3386-chinese-university-of-hong-kong-shenzhen/flow-grpo-algo/runs/9mau8hwi,22,11,0,0,22,reference_mse,42,80,True,True,True,0.00041064222918377435,0.05972048624589864,0.02339409458231958,145.4319161587543,0.3917264585890104,,,,Flow-GRPO,reference_mse_pair
9mau8hwi,https://wandb.ai/vanzl3386-chinese-university-of-hong-kong-shenzhen/flow-grpo-algo/runs/9mau8hwi,23,11,1,8,23,reference_mse,42,80,True,True,True,0.0004323193574065965,0.05849025582395612,0.02418535140134674,135.29409410401675,0.41349368472826953,,,,Flow-GRPO,reference_mse_pair
9mau8hwi,https://wandb.ai/vanzl3386-chinese-university-of-hong-kong-shenzhen/flow-grpo-algo/runs/9mau8hwi,24,12,0,0,24,reference_mse,42,80,True,True,True,0.00043798145278421495,0.058634233149610936,0.022182491211728182,133.8737811313186,0.37831979749999295,,,,Flow-GRPO,reference_mse_pair
9mau8hwi,https://wandb.ai/vanzl3386-chinese-university-of-hong-kong-shenzhen/flow-grpo-algo/runs/9mau8hwi,25,12,1,8,25,reference_mse,42,80,True,True,True,0.0004204645918761362,0.05938180707740809,0.02453655503666477,141.229031468365,0.41319987121105556,,,,Flow-GRPO,reference_mse_pair
9mau8hwi,https://wandb.ai/vanzl3386-chinese-university-of-hong-kong-shenzhen/flow-grpo-algo/runs/9mau8hwi,26,13,0,0,26,reference_mse,42,80,True,True,True,0.00044142280837696673,0.06662662034202771,0.026907163743719938,150.93606192892923,0.40385004680699743,,,,Flow-GRPO,reference_mse_pair
9mau8hwi,https://wandb.ai/vanzl3386-chinese-university-of-hong-kong-shenzhen/flow-grpo-algo/runs/9mau8hwi,27,13,1,8,27,reference_mse,42,80,True,True,True,0.00046676084410024585,0.06786632628787141,0.029415612089355763,145.39849935076347,0.4334345720229844,,,,Flow-GRPO,reference_mse_pair
9mau8hwi,https://wandb.ai/vanzl3386-chinese-university-of-hong-kong-shenzhen/flow-grpo-algo/runs/9mau8hwi,28,14,0,0,28,reference_mse,42,80,True,True,True,0.00044305517711832297,0.06508532481065513,0.02321270541241268,146.90117207065913,0.3566503736432537,,,,Flow-GRPO,reference_mse_pair
9mau8hwi,https://wandb.ai/vanzl3386-chinese-university-of-hong-kong-shenzhen/flow-grpo-algo/runs/9mau8hwi,29,14,1,8,29,reference_mse,42,80,True,True,True,0.00043826871289432323,0.05692082854012642,0.021416913168804765,129.87655031138706,0.37625793085051246,,,,Flow-GRPO,reference_mse_pair
9mau8hwi,https://wandb.ai/vanzl3386-chinese-university-of-hong-kong-shenzhen/flow-grpo-algo/runs/9mau8hwi,30,15,0,0,30,reference_mse,42,80,True,True,True,0.0004865946991224044,0.06660462872025331,0.028712568490920666,136.8790676108428,0.4310896861465376,,,,Flow-GRPO,reference_mse_pair
9mau8hwi,https://wandb.ai/vanzl3386-chinese-university-of-hong-kong-shenzhen/flow-grpo-algo/runs/9mau8hwi,31,15,1,8,31,reference_mse,42,80,True,True,True,0.000466647663188334,0.06483023869486768,0.02505579871305531,138.92759743383283,0.38648320933976243,,,,Flow-GRPO,reference_mse_pair
9mau8hwi,https://wandb.ai/vanzl3386-chinese-university-of-hong-kong-shenzhen/flow-grpo-algo/runs/9mau8hwi,32,16,0,0,32,reference_mse,42,80,True,True,True,0.0004626311906915189,0.07306628807533935,0.026086389496110817,157.93636388009932,0.3570236039527954,,,,Flow-GRPO,reference_mse_pair
9mau8hwi,https://wandb.ai/vanzl3386-chinese-university-of-hong-kong-shenzhen/flow-grpo-algo/runs/9mau8hwi,33,16,1,8,33,reference_mse,42,80,True,True,True,0.0004368517375902595,0.05833351588650752,0.021639566105033443,133.53161007962117,0.37096282945013864,,,,Flow-GRPO,reference_mse_pair
9mau8hwi,https://wandb.ai/vanzl3386-chinese-university-of-hong-kong-shenzhen/flow-grpo-algo/runs/9mau8hwi,34,17,0,0,34,reference_mse,42,80,True,True,True,0.00046254536012532726,0.07988978568536147,0.02683854836308397,172.71773229703402,0.33594467844469017,,,,Flow-GRPO,reference_mse_pair
9mau8hwi,https://wandb.ai/vanzl3386-chinese-university-of-hong-kong-shenzhen/flow-grpo-algo/runs/9mau8hwi,35,17,1,8,35,reference_mse,42,80,True,True,True,0.00048089855140472516,0.0701232193920849,0.027595634948677644,145.81707344979932,0.393530633475058,,,,Flow-GRPO,reference_mse_pair
9mau8hwi,https://wandb.ai/vanzl3386-chinese-university-of-hong-kong-shenzhen/flow-grpo-algo/runs/9mau8hwi,36,18,0,0,36,reference_mse,42,80,True,True,True,0.00047432234462406843,0.07154416393738919,0.02981425235558375,150.8344794384347,0.4167251487022093,,,,Flow-GRPO,reference_mse_pair
9mau8hwi,https://wandb.ai/vanzl3386-chinese-university-of-hong-kong-shenzhen/flow-grpo-algo/runs/9mau8hwi,37,18,1,8,37,reference_mse,42,80,True,True,True,0.0005047970731799512,0.08375721185203922,0.03136318178736182,165.92253858449226,0.3744535078694627,,,,Flow-GRPO,reference_mse_pair
9mau8hwi,https://wandb.ai/vanzl3386-chinese-university-of-hong-kong-shenzhen/flow-grpo-algo/runs/9mau8hwi,38,19,0,0,38,reference_mse,42,80,True,True,True,0.0005417150363297375,0.08114612367227836,0.03145289459935695,149.79485196140166,0.3876080972935258,,,,Flow-GRPO,reference_mse_pair
9mau8hwi,https://wandb.ai/vanzl3386-chinese-university-of-hong-kong-shenzhen/flow-grpo-algo/runs/9mau8hwi,39,19,1,8,39,reference_mse,42,80,True,True,True,0.0004974292392478562,0.07393194721865655,0.026167721151667482,148.62806884944325,0.35394335109658953,,,,Flow-GRPO,reference_mse_pair
9mau8hwi,https://wandb.ai/vanzl3386-chinese-university-of-hong-kong-shenzhen/flow-grpo-algo/runs/9mau8hwi,1,0,1,8,1,guidance,42,80,True,True,True,0.0008821121449629511,0.0048327844867723565,0.001597610056569166,5.478650888516373,0.330577550259468,4.628248749517472,36,44,Flow-GRPO,reference_mse_pair
9mau8hwi,https://wandb.ai/vanzl3386-chinese-university-of-hong-kong-shenzhen/flow-grpo-algo/runs/9mau8hwi,2,1,0,0,2,guidance,42,80,True,True,True,0.00017602728151666622,0.0008129170517342937,0.00023415559462268326,4.618131034747173,0.2880436498694805,4.358447310026501,38,42,Flow-GRPO,reference_mse_pair
9mau8hwi,https://wandb.ai/vanzl3386-chinese-university-of-hong-kong-shenzhen/flow-grpo-algo/runs/9mau8hwi,3,1,1,8,3,guidance,42,80,True,True,True,5.5462124675625406e-05,0.00021206338623744819,7.222031813568785e-05,3.8235712655747967,0.34056005337395906,3.6144708302405615,27,53,Flow-GRPO,reference_mse_pair
9mau8hwi,https://wandb.ai/vanzl3386-chinese-university-of-hong-kong-shenzhen/flow-grpo-algo/runs/9mau8hwi,4,2,0,0,4,guidance,42,80,True,True,True,0.00045304563074426705,0.001804216060717562,0.0006247863672386985,3.982415761859531,0.3462924318444501,3.9496220315492603,38,42,Flow-GRPO,reference_mse_pair
9mau8hwi,https://wandb.ai/vanzl3386-chinese-university-of-hong-kong-shenzhen/flow-grpo-algo/runs/9mau8hwi,5,2,1,8,5,guidance,42,80,True,True,True,0.00016151075748249325,0.0005382030554391146,0.0001349447244259473,3.3323046949207233,0.2507319924370315,3.499536553266454,39,41,Flow-GRPO,reference_mse_pair
9mau8hwi,https://wandb.ai/vanzl3386-chinese-university-of-hong-kong-shenzhen/flow-grpo-algo/runs/9mau8hwi,6,3,0,0,6,guidance,42,80,True,True,True,0.0001311104104498142,0.0004836245400520571,0.0001267703017031827,3.6886814585724794,0.26212545312431257,3.5083701741905657,33,47,Flow-GRPO,reference_mse_pair
9mau8hwi,https://wandb.ai/vanzl3386-chinese-university-of-hong-kong-shenzhen/flow-grpo-algo/runs/9mau8hwi,7,3,1,8,7,guidance,42,80,True,True,True,0.0023573153937506705,0.00854944738044831,0.0024865968689988588,3.626772812459974,0.2908488418427424,3.6005637054210777,48,32,Flow-GRPO,reference_mse_pair
9mau8hwi,https://wandb.ai/vanzl3386-chinese-university-of-hong-kong-shenzhen/flow-grpo-algo/runs/9mau8hwi,8,4,0,0,8,guidance,42,80,True,True,True,0.0002927853384046279,0.0010383978004496902,0.00031388391825587476,3.546618167794419,0.30227714091838764,3.33196802444796,60,20,Flow-GRPO,reference_mse_pair
9mau8hwi,https://wandb.ai/vanzl3386-chinese-university-of-hong-kong-shenzhen/flow-grpo-algo/runs/9mau8hwi,9,4,1,8,9,guidance,42,80,True,True,True,0.0003156235560912709,0.0011320625113475171,0.0003370010305329492,3.586749117737433,0.2976876516578665,3.8715451624178834,37,43,Flow-GRPO,reference_mse_pair
9mau8hwi,https://wandb.ai/vanzl3386-chinese-university-of-hong-kong-shenzhen/flow-grpo-algo/runs/9mau8hwi,10,5,0,0,10,guidance,42,80,True,True,True,0.0006369191414778293,0.002443963331681029,0.0008697025244208216,3.8371642058210953,0.35585743580801393,3.1261997589439585,49,31,Flow-GRPO,reference_mse_pair
9mau8hwi,https://wandb.ai/vanzl3386-chinese-university-of-hong-kong-shenzhen/flow-grpo-algo/runs/9mau8hwi,11,5,1,8,11,guidance,42,80,True,True,True,0.001568650400687907,0.005727042297869899,0.0018762953983913074,3.650936050096563,0.32762031443161715,3.6304406428082343,49,31,Flow-GRPO,reference_mse_pair
9mau8hwi,https://wandb.ai/vanzl3386-chinese-university-of-hong-kong-shenzhen/flow-grpo-algo/runs/9mau8hwi,12,6,0,0,12,guidance,42,80,True,True,True,0.00034045161190498634,0.0013051930797007287,0.00028013431042345926,3.833710971134963,0.21463055143357948,3.7210380897323287,49,31,Flow-GRPO,reference_mse_pair
9mau8hwi,https://wandb.ai/vanzl3386-chinese-university-of-hong-kong-shenzhen/flow-grpo-algo/runs/9mau8hwi,13,6,1,8,13,guidance,42,80,True,True,True,0.0015183097834623818,0.005658092931924632,0.001770616113491082,3.7265734526335015,0.31293514171546083,3.6760648719354108,58,22,Flow-GRPO,reference_mse_pair
9mau8hwi,https://wandb.ai/vanzl3386-chinese-university-of-hong-kong-shenzhen/flow-grpo-algo/runs/9mau8hwi,14,7,0,0,14,guidance,42,80,True,True,True,0.00028149436775547123,0.0011030240919898716,0.00022949741836675964,3.9184588337769073,0.20806201789549578,3.54040077821312,59,21,Flow-GRPO,reference_mse_pair
9mau8hwi,https://wandb.ai/vanzl3386-chinese-university-of-hong-kong-shenzhen/flow-grpo-algo/runs/9mau8hwi,15,7,1,8,15,guidance,42,80,True,True,True,0.0008721731707541952,0.003002431797895176,0.0009509619244888674,3.4424720899163637,0.31673056658790033,3.4999241767510423,57,23,Flow-GRPO,reference_mse_pair
9mau8hwi,https://wandb.ai/vanzl3386-chinese-university-of-hong-kong-shenzhen/flow-grpo-algo/runs/9mau8hwi,16,8,0,0,16,guidance,42,80,True,True,True,0.0013643038043226138,0.004750806055475487,0.0018683351048814616,3.4822200454350374,0.3932669705024337,3.5204840577672605,53,27,Flow-GRPO,reference_mse_pair
9mau8hwi,https://wandb.ai/vanzl3386-chinese-university-of-hong-kong-shenzhen/flow-grpo-algo/runs/9mau8hwi,17,8,1,8,17,guidance,42,80,True,True,True,0.0012260314091526734,0.004409673808849308,0.00123266003435156,3.59670541548107,0.27953542320474245,3.6783911702219187,56,24,Flow-GRPO,reference_mse_pair
9mau8hwi,https://wandb.ai/vanzl3386-chinese-university-of-hong-kong-shenzhen/flow-grpo-algo/runs/9mau8hwi,18,9,0,0,18,guidance,42,80,True,True,True,0.0013090285156590147,0.004780840501781807,0.0014300388452060235,3.652205008975645,0.29911871033410375,3.6045002563888464,56,24,Flow-GRPO,reference_mse_pair
9mau8hwi,https://wandb.ai/vanzl3386-chinese-university-of-hong-kong-shenzhen/flow-grpo-algo/runs/9mau8hwi,19,9,1,8,19,guidance,42,80,True,True,True,0.0001712694516870674,0.0006135983418483293,0.00019315533099773194,3.5826490702466716,0.3147911554257044,3.388287701167358,54,26,Flow-GRPO,reference_mse_pair
9mau8hwi,https://wandb.ai/vanzl3386-chinese-university-of-hong-kong-shenzhen/flow-grpo-algo/runs/9mau8hwi,20,10,0,0,20,guidance,42,80,True,True,True,0.001846079622081476,0.006437004209616103,0.0021665665357140053,3.4868508013529267,0.3365799470004102,3.494665254361943,54,26,Flow-GRPO,reference_mse_pair
9mau8hwi,https://wandb.ai/vanzl3386-chinese-university-of-hong-kong-shenzhen/flow-grpo-algo/runs/9mau8hwi,21,10,1,8,21,guidance,42,80,True,True,True,0.0007146759833446452,0.0021958020455505487,0.0007820094633941465,3.0724441519278614,0.3561384164746394,3.353781421605048,46,34,Flow-GRPO,reference_mse_pair
9mau8hwi,https://wandb.ai/vanzl3386-chinese-university-of-hong-kong-shenzhen/flow-grpo-algo/runs/9mau8hwi,22,11,0,0,22,guidance,42,80,True,True,True,0.0016585893825577125,0.006355152505257822,0.0019650216879036524,3.831661152597959,0.30920134273377814,3.5974058864362877,51,29,Flow-GRPO,reference_mse_pair
9mau8hwi,https://wandb.ai/vanzl3386-chinese-university-of-hong-kong-shenzhen/flow-grpo-algo/runs/9mau8hwi,23,11,1,8,23,guidance,42,80,True,True,True,0.00013302753978123352,0.0006275416246512816,0.00023472855198491274,4.717381270699935,0.3740445936400617,3.59357061240598,27,53,Flow-GRPO,reference_mse_pair
9mau8hwi,https://wandb.ai/vanzl3386-chinese-university-of-hong-kong-shenzhen/flow-grpo-algo/runs/9mau8hwi,24,12,0,0,24,guidance,42,80,True,True,True,0.0009920328169586998,0.0034282930465716643,0.0007010485079952503,3.455826246839161,0.20448908493872994,3.490017511717876,80,0,Flow-GRPO,reference_mse_pair
9mau8hwi,https://wandb.ai/vanzl3386-chinese-university-of-hong-kong-shenzhen/flow-grpo-algo/runs/9mau8hwi,25,12,1,8,25,guidance,42,80,True,True,True,0.000691207308227167,0.0023806048103761092,0.0008560453539202932,3.444125636463493,0.35959154169105767,3.421794849088164,44,36,Flow-GRPO,reference_mse_pair
9mau8hwi,https://wandb.ai/vanzl3386-chinese-university-of-hong-kong-shenzhen/flow-grpo-algo/runs/9mau8hwi,26,13,0,0,26,guidance,42,80,True,True,True,0.0018099666723156945,0.007709193109697962,0.002412087860236022,4.259301139415303,0.3128846074956507,4.024397962658338,40,40,Flow-GRPO,reference_mse_pair
9mau8hwi,https://wandb.ai/vanzl3386-chinese-university-of-hong-kong-shenzhen/flow-grpo-algo/runs/9mau8hwi,27,13,1,8,27,guidance,42,80,True,True,True,0.00041004466780766884,0.001723266393034855,0.0006171004430133352,4.202630904209568,0.3580992732798298,3.8601674163028945,50,30,Flow-GRPO,reference_mse_pair
9mau8hwi,https://wandb.ai/vanzl3386-chinese-university-of-hong-kong-shenzhen/flow-grpo-algo/runs/9mau8hwi,28,14,0,0,28,guidance,42,80,True,True,True,0.0013349507174461488,0.004797937229846163,0.0009884895400103014,3.594093150513408,0.20602385830754094,3.700022262251923,80,0,Flow-GRPO,reference_mse_pair
9mau8hwi,https://wandb.ai/vanzl3386-chinese-university-of-hong-kong-shenzhen/flow-grpo-algo/runs/9mau8hwi,29,14,1,8,29,guidance,42,80,True,True,True,0.0002400062895866986,0.0008154434063332256,0.0001880916419844413,3.397591820353771,0.23066179764727762,3.2358194859657425,45,35,Flow-GRPO,reference_mse_pair
9mau8hwi,https://wandb.ai/vanzl3386-chinese-university-of-hong-kong-shenzhen/flow-grpo-algo/runs/9mau8hwi,30,15,0,0,30,guidance,42,80,True,True,True,0.0010136567150337732,0.0038046458577770453,0.001165390283779471,3.7533869221694856,0.3063071642784587,3.9809548437086013,51,29,Flow-GRPO,reference_mse_pair
9mau8hwi,https://wandb.ai/vanzl3386-chinese-university-of-hong-kong-shenzhen/flow-grpo-algo/runs/9mau8hwi,31,15,1,8,31,guidance,42,80,True,True,True,0.002083776394134504,0.00808548154918438,0.002365119722483461,3.880205943374593,0.2925143923829795,3.90467644259594,62,18,Flow-GRPO,reference_mse_pair
9mau8hwi,https://wandb.ai/vanzl3386-chinese-university-of-hong-kong-shenzhen/flow-grpo-algo/runs/9mau8hwi,32,16,0,0,32,guidance,42,80,True,True,True,0.0003692299319669826,0.0016449408967335287,0.00034927588319333804,4.4550583642298625,0.21233339379361227,4.3040895041905705,59,21,Flow-GRPO,reference_mse_pair
9mau8hwi,https://wandb.ai/vanzl3386-chinese-university-of-hong-kong-shenzhen/flow-grpo-algo/runs/9mau8hwi,33,16,1,8,33,guidance,42,80,True,True,True,0.0016571672605454504,0.005900542733960233,0.0017110900183186866,3.560619905089177,0.2899885816385342,3.6937200692490615,65,15,Flow-GRPO,reference_mse_pair
9mau8hwi,https://wandb.ai/vanzl3386-chinese-university-of-hong-kong-shenzhen/flow-grpo-algo/runs/9mau8hwi,34,17,0,0,34,guidance,42,80,True,True,True,0.0008259579664509628,0.003400282488932524,0.0009842137299204752,4.116774251289214,0.28945057745171543,3.888310922809256,62,18,Flow-GRPO,reference_mse_pair
9mau8hwi,https://wandb.ai/vanzl3386-chinese-university-of-hong-kong-shenzhen/flow-grpo-algo/runs/9mau8hwi,35,17,1,8,35,guidance,42,80,True,True,True,0.0005005131276912489,0.0018964157944163598,0.0004921580652345124,3.788943165515131,0.25952012564100096,3.5789182587522816,54,26,Flow-GRPO,reference_mse_pair
9mau8hwi,https://wandb.ai/vanzl3386-chinese-university-of-hong-kong-shenzhen/flow-grpo-algo/runs/9mau8hwi,36,18,0,0,36,guidance,42,80,True,True,True,0.0008769978159459955,0.003331683114298237,0.0008605530737121603,3.7989639811182814,0.25829379451455464,3.820376684269702,50,30,Flow-GRPO,reference_mse_pair
9mau8hwi,https://wandb.ai/vanzl3386-chinese-university-of-hong-kong-shenzhen/flow-grpo-algo/runs/9mau8hwi,37,18,1,8,37,guidance,42,80,True,True,True,0.001241664261309995,0.005343261105992684,0.001306884267446945,4.3033058713918155,0.24458551463659922,4.262113424399052,53,27,Flow-GRPO,reference_mse_pair
9mau8hwi,https://wandb.ai/vanzl3386-chinese-university-of-hong-kong-shenzhen/flow-grpo-algo/runs/9mau8hwi,38,19,0,0,38,guidance,42,80,True,True,True,0.0012742040227754817,0.0051435461157986456,0.0011487933647787794,4.036673895123115,0.2233465665351393,4.0468424361495,80,0,Flow-GRPO,reference_mse_pair
9mau8hwi,https://wandb.ai/vanzl3386-chinese-university-of-hong-kong-shenzhen/flow-grpo-algo/runs/9mau8hwi,39,19,1,8,39,guidance,42,80,True,True,True,0.0005490604477671543,0.0023816877017547567,0.0009073606885709716,4.33775135586671,0.3809738312468319,3.940997384415929,53,27,Flow-GRPO,reference_mse_pair
4w87ez9o,https://wandb.ai/vanzl3386-chinese-university-of-hong-kong-shenzhen/flow-grpo-algo/runs/4w87ez9o,0,0,0,0,0,art_guidance,42,80,True,True,True,0.005142829357483002,0.42834881812947784,0.09711472591062986,83.29049796416342,0.22671879038843246,68.05822367092318,80,0,DiffusionART,all_40
4w87ez9o,https://wandb.ai/vanzl3386-chinese-university-of-hong-kong-shenzhen/flow-grpo-algo/runs/4w87ez9o,1,0,1,8,1,art_guidance,42,80,True,True,True,0.0016846502285225579,0.11778355747007338,0.04778324867671116,69.9157341244478,0.4056869201700925,57.206999670577275,27,53,DiffusionART,all_40
4w87ez9o,https://wandb.ai/vanzl3386-chinese-university-of-hong-kong-shenzhen/flow-grpo-algo/runs/4w87ez9o,2,1,0,0,2,art_guidance,42,80,True,True,True,0.004499975597798732,0.37712982914278853,0.08744366850262955,83.8070831600221,0.23186622151153605,68.80137209539012,70,10,DiffusionART,all_40
4w87ez9o,https://wandb.ai/vanzl3386-chinese-university-of-hong-kong-shenzhen/flow-grpo-algo/runs/4w87ez9o,3,1,1,8,3,art_guidance,42,80,True,True,True,0.004033352701366149,0.2531445662828794,0.06428511926629682,62.76281422081834,0.2539462735078447,54.85871585442839,56,24,DiffusionART,all_40
4w87ez9o,https://wandb.ai/vanzl3386-chinese-university-of-hong-kong-shenzhen/flow-grpo-algo/runs/4w87ez9o,4,2,0,0,4,art_guidance,42,80,True,True,True,0.005142829252976468,0.34470226089843936,0.11459491701242253,67.02580310223973,0.33244608466953446,55.33995915422779,80,0,DiffusionART,all_40
4w87ez9o,https://wandb.ai/vanzl3386-chinese-university-of-hong-kong-shenzhen/flow-grpo-algo/runs/4w87ez9o,5,2,1,8,5,art_guidance,42,80,True,True,True,0.004617652980721999,0.30468412244555776,0.0896405338575941,65.98246419069768,0.2942080904580495,55.17364469571479,70,10,DiffusionART,all_40
4w87ez9o,https://wandb.ai/vanzl3386-chinese-university-of-hong-kong-shenzhen/flow-grpo-algo/runs/4w87ez9o,6,3,0,0,6,art_guidance,42,80,True,True,True,0.005142829307575629,0.35597799897921767,0.09022734271816556,69.21831888428522,0.2534632560913775,56.8902127629025,80,0,DiffusionART,all_40
4w87ez9o,https://wandb.ai/vanzl3386-chinese-university-of-hong-kong-shenzhen/flow-grpo-algo/runs/4w87ez9o,7,3,1,8,7,art_guidance,42,80,True,True,True,0.0038696587949125357,0.3628545617717028,0.08788144240851935,93.76913598913421,0.2421946743053811,82.15525297510493,51,29,DiffusionART,all_40
4w87ez9o,https://wandb.ai/vanzl3386-chinese-university-of-hong-kong-shenzhen/flow-grpo-algo/runs/4w87ez9o,8,4,0,0,8,art_guidance,42,80,True,True,True,0.005142829292663671,0.47148434343148143,0.12530958160538985,91.67800768811469,0.2657767608853813,72.86789252893352,80,0,DiffusionART,all_40
4w87ez9o,https://wandb.ai/vanzl3386-chinese-university-of-hong-kong-shenzhen/flow-grpo-algo/runs/4w87ez9o,9,4,1,8,9,art_guidance,42,80,True,True,True,0.0021423209360262215,0.20264994624836982,0.07249550731427581,94.59364506994177,0.35773760939183563,77.34020348182214,31,49,DiffusionART,all_40
4w87ez9o,https://wandb.ai/vanzl3386-chinese-university-of-hong-kong-shenzhen/flow-grpo-algo/runs/4w87ez9o,10,5,0,0,10,art_guidance,42,80,True,True,True,0.005142829270346668,0.526009265595424,0.16819893107794884,102.28013374435174,0.3197641982362298,81.84180089874697,80,0,DiffusionART,all_40
4w87ez9o,https://wandb.ai/vanzl3386-chinese-university-of-hong-kong-shenzhen/flow-grpo-algo/runs/4w87ez9o,11,5,1,8,11,art_guidance,42,80,True,True,True,0.0032699893996286423,0.4289278019483687,0.15889429554719353,131.1710068531354,0.3704453169634364,103.20286562098364,50,30,DiffusionART,all_40
4w87ez9o,https://wandb.ai/vanzl3386-chinese-university-of-hong-kong-shenzhen/flow-grpo-algo/runs/4w87ez9o,12,6,0,0,12,art_guidance,42,80,True,True,True,0.005142829221415611,0.630776262465172,0.1495621763739358,122.65160582010247,0.23710812418562402,97.94227675820875,80,0,DiffusionART,all_40
4w87ez9o,https://wandb.ai/vanzl3386-chinese-university-of-hong-kong-shenzhen/flow-grpo-algo/runs/4w87ez9o,13,6,1,8,13,art_guidance,42,80,True,True,True,0.0029183836150874914,0.35809693377512,0.13226442721916593,122.70385974065456,0.3693536993595879,103.43747194960011,43,37,DiffusionART,all_40
4w87ez9o,https://wandb.ai/vanzl3386-chinese-university-of-hong-kong-shenzhen/flow-grpo-algo/runs/4w87ez9o,14,7,0,0,14,art_guidance,42,80,True,True,True,0.005142829246383859,0.5743774153126159,0.20017412055001232,111.6851032369945,0.3485062525326901,91.49339436226987,80,0,DiffusionART,all_40
4w87ez9o,https://wandb.ai/vanzl3386-chinese-university-of-hong-kong-shenzhen/flow-grpo-algo/runs/4w87ez9o,15,7,1,8,15,art_guidance,42,80,True,True,True,0.0025405738669423716,0.33199252927664585,0.10554143380781393,130.6761962706501,0.3179030384743006,105.45406733141316,38,42,DiffusionART,all_40
4w87ez9o,https://wandb.ai/vanzl3386-chinese-university-of-hong-kong-shenzhen/flow-grpo-algo/runs/4w87ez9o,16,8,0,0,16,art_guidance,42,80,True,True,True,0.0051428292639986205,0.5465772111666427,0.13188938369979392,106.27947830056318,0.24130055371002823,87.62013193975956,80,0,DiffusionART,all_40
4w87ez9o,https://wandb.ai/vanzl3386-chinese-university-of-hong-kong-shenzhen/flow-grpo-algo/runs/4w87ez9o,17,8,1,8,17,art_guidance,42,80,True,True,True,0.003720855847056073,0.4862787141464575,0.14999061021619087,130.69001706454156,0.3084457654690118,107.56457992188392,58,22,DiffusionART,all_40
4w87ez9o,https://wandb.ai/vanzl3386-chinese-university-of-hong-kong-shenzhen/flow-grpo-algo/runs/4w87ez9o,18,9,0,0,18,art_guidance,42,80,True,True,True,0.005142829276657964,0.7294698899282726,0.19227746159185605,141.84213604740037,0.2635851928182565,110.81015242503683,80,0,DiffusionART,all_40
4w87ez9o,https://wandb.ai/vanzl3386-chinese-university-of-hong-kong-shenzhen/flow-grpo-algo/runs/4w87ez9o,19,9,1,8,19,art_guidance,42,80,True,True,True,0.004001863400961529,0.5270318490692822,0.1286500057663962,131.69661136925666,0.24410290572303575,109.42779041632971,59,21,DiffusionART,all_40
4w87ez9o,https://wandb.ai/vanzl3386-chinese-university-of-hong-kong-shenzhen/flow-grpo-algo/runs/4w87ez9o,20,10,0,0,20,art_guidance,42,80,True,True,True,0.005142829278554626,0.6310114035303755,0.1491269915640615,122.69732657890582,0.23633010549370023,97.8904403745334,80,0,DiffusionART,all_40
4w87ez9o,https://wandb.ai/vanzl3386-chinese-university-of-hong-kong-shenzhen/flow-grpo-algo/runs/4w87ez9o,21,10,1,8,21,art_guidance,42,80,True,True,True,0.00393351050320147,0.6538086884650907,0.16979990178651067,166.2150610588069,0.25970884875381545,139.82594859378946,59,21,DiffusionART,all_40
4w87ez9o,https://wandb.ai/vanzl3386-chinese-university-of-hong-kong-shenzhen/flow-grpo-algo/runs/4w87ez9o,22,11,0,0,22,art_guidance,42,80,True,True,True,0.005142829277061901,0.7383092310577275,0.15523796352206917,143.56090612432766,0.21026144194305937,117.63731522372106,80,0,DiffusionART,all_40
4w87ez9o,https://wandb.ai/vanzl3386-chinese-university-of-hong-kong-shenzhen/flow-grpo-algo/runs/4w87ez9o,23,11,1,8,23,art_guidance,42,80,True,True,True,0.0036750188703061834,0.5448873048835263,0.1824395699054416,148.26789306747943,0.3348207386561142,119.61478544882749,58,22,DiffusionART,all_40
4w87ez9o,https://wandb.ai/vanzl3386-chinese-university-of-hong-kong-shenzhen/flow-grpo-algo/runs/4w87ez9o,24,12,0,0,24,art_guidance,42,80,True,True,True,0.005142829263297624,0.7554373713478342,0.2143294686294659,146.8913962863005,0.2837157344321795,121.40856046821878,80,0,DiffusionART,all_40
4w87ez9o,https://wandb.ai/vanzl3386-chinese-university-of-hong-kong-shenzhen/flow-grpo-algo/runs/4w87ez9o,25,12,1,8,25,art_guidance,42,80,True,True,True,0.00344801188519191,0.6250367978676115,0.18963835106764956,181.27454854547958,0.30340349834541536,144.082923183933,54,26,DiffusionART,all_40
4w87ez9o,https://wandb.ai/vanzl3386-chinese-university-of-hong-kong-shenzhen/flow-grpo-algo/runs/4w87ez9o,26,13,0,0,26,art_guidance,42,80,True,True,True,0.005142829213668565,0.8426164682223638,0.2101518921170405,163.8429808213085,0.2494039697092439,130.36155235453424,80,0,DiffusionART,all_40
4w87ez9o,https://wandb.ai/vanzl3386-chinese-university-of-hong-kong-shenzhen/flow-grpo-algo/runs/4w87ez9o,27,13,1,8,27,art_guidance,42,80,True,True,True,0.004717286369275185,0.8078116622315423,0.18317765882539117,171.24499108067997,0.2267578785869114,138.29673073691868,72,8,DiffusionART,all_40
4w87ez9o,https://wandb.ai/vanzl3386-chinese-university-of-hong-kong-shenzhen/flow-grpo-algo/runs/4w87ez9o,28,14,0,0,28,art_guidance,42,80,True,True,True,0.005142829178584227,0.955678399484789,0.21842695295232625,185.82736589121524,0.22855696337814196,148.72277938832968,80,0,DiffusionART,all_40
4w87ez9o,https://wandb.ai/vanzl3386-chinese-university-of-hong-kong-shenzhen/flow-grpo-algo/runs/4w87ez9o,29,14,1,8,29,art_guidance,42,80,True,True,True,0.0035933096069619046,0.6660859878526413,0.18097095276739536,185.36838199584147,0.27169307877323445,156.8913085897828,55,25,DiffusionART,all_40
4w87ez9o,https://wandb.ai/vanzl3386-chinese-university-of-hong-kong-shenzhen/flow-grpo-algo/runs/4w87ez9o,30,15,0,0,30,art_guidance,42,80,True,True,True,0.005142829252181911,0.7616057965791051,0.1781482382061941,148.09081912567567,0.2339113475847745,117.81349195086909,80,0,DiffusionART,all_40
4w87ez9o,https://wandb.ai/vanzl3386-chinese-university-of-hong-kong-shenzhen/flow-grpo-algo/runs/4w87ez9o,31,15,1,8,31,art_guidance,42,80,True,True,True,0.004313678316579057,0.5751992012661971,0.17162978728828807,133.3430912211266,0.29838321560682995,113.46275156783157,68,12,DiffusionART,all_40
4w87ez9o,https://wandb.ai/vanzl3386-chinese-university-of-hong-kong-shenzhen/flow-grpo-algo/runs/4w87ez9o,32,16,0,0,32,art_guidance,42,80,True,True,True,0.0051428292903252255,0.7279435615123462,0.19205792492943438,141.5453479822411,0.26383628495926603,117.75817430731482,80,0,DiffusionART,all_40
4w87ez9o,https://wandb.ai/vanzl3386-chinese-university-of-hong-kong-shenzhen/flow-grpo-algo/runs/4w87ez9o,33,16,1,8,33,art_guidance,42,80,True,True,True,0.004163804827472224,0.6552267951466102,0.17707515827514117,157.36251392560766,0.2702501783913152,125.52362530502384,63,17,DiffusionART,all_40
4w87ez9o,https://wandb.ai/vanzl3386-chinese-university-of-hong-kong-shenzhen/flow-grpo-algo/runs/4w87ez9o,34,17,0,0,34,art_guidance,42,80,True,True,True,0.005142829316661084,0.7023911381998543,0.15357323788154914,136.5767936190954,0.21864347303005452,115.00114892712057,80,0,DiffusionART,all_40
4w87ez9o,https://wandb.ai/vanzl3386-chinese-university-of-hong-kong-shenzhen/flow-grpo-algo/runs/4w87ez9o,35,17,1,8,35,art_guidance,42,80,True,True,True,0.004119146314374338,0.6227433582110219,0.14544992433917164,151.18262637038936,0.23356318846500598,126.65370183419569,61,19,DiffusionART,all_40
4w87ez9o,https://wandb.ai/vanzl3386-chinese-university-of-hong-kong-shenzhen/flow-grpo-algo/runs/4w87ez9o,36,18,0,0,36,art_guidance,42,80,True,True,True,0.005142829245716981,0.7202807835769709,0.17942446425350406,140.05535652906045,0.24910350011348087,113.08059924620076,80,0,DiffusionART,all_40
4w87ez9o,https://wandb.ai/vanzl3386-chinese-university-of-hong-kong-shenzhen/flow-grpo-algo/runs/4w87ez9o,37,18,1,8,37,art_guidance,42,80,True,True,True,0.0018114888598234412,0.29929709989804526,0.13253272919483286,165.2216066772923,0.4428132756380859,143.02311272617942,31,49,DiffusionART,all_40
4w87ez9o,https://wandb.ai/vanzl3386-chinese-university-of-hong-kong-shenzhen/flow-grpo-algo/runs/4w87ez9o,38,19,0,0,38,art_guidance,42,80,True,True,True,0.005142829282371417,0.9881162499436099,0.2666961928632461,192.13475612163006,0.2699036605039801,149.41361664373403,80,0,DiffusionART,all_40
4w87ez9o,https://wandb.ai/vanzl3386-chinese-university-of-hong-kong-shenzhen/flow-grpo-algo/runs/4w87ez9o,39,19,1,8,39,art_guidance,42,80,True,True,True,0.0032029868739133173,0.4809451550777041,0.15151602113404045,150.155206377758,0.3150380444305769,125.78881332293986,53,27,DiffusionART,all_40
4w87ez9o,https://wandb.ai/vanzl3386-chinese-university-of-hong-kong-shenzhen/flow-grpo-algo/runs/4w87ez9o,1,0,1,8,1,reference_mse,42,80,True,True,True,0.00037143845886208286,0.08487481599884376,0.058895666757781476,228.50303724299656,0.6939121583319109,,,,DiffusionART,reference_mse_pair
4w87ez9o,https://wandb.ai/vanzl3386-chinese-university-of-hong-kong-shenzhen/flow-grpo-algo/runs/4w87ez9o,2,1,0,0,2,reference_mse,42,80,True,True,True,0.00032584872518907334,0.06177745885826573,0.030241594464587816,189.58938330177426,0.4895247396622488,,,,DiffusionART,reference_mse_pair
4w87ez9o,https://wandb.ai/vanzl3386-chinese-university-of-hong-kong-shenzhen/flow-grpo-algo/runs/4w87ez9o,3,1,1,8,3,reference_mse,42,80,True,True,True,0.0003403296800659512,0.057388526089714245,0.02363689551648891,168.62627461287872,0.4118749361072257,,,,DiffusionART,reference_mse_pair
4w87ez9o,https://wandb.ai/vanzl3386-chinese-university-of-hong-kong-shenzhen/flow-grpo-algo/runs/4w87ez9o,4,2,0,0,4,reference_mse,42,80,True,True,True,0.0003516087543999874,0.05252091753375826,0.01996000343556121,149.3731793549454,0.3800391229405265,,,,DiffusionART,reference_mse_pair
4w87ez9o,https://wandb.ai/vanzl3386-chinese-university-of-hong-kong-shenzhen/flow-grpo-algo/runs/4w87ez9o,5,2,1,8,5,reference_mse,42,80,True,True,True,0.0004949320650345592,0.10511763501514863,0.034657665087903675,212.3880072466282,0.3297036228308325,,,,DiffusionART,reference_mse_pair
4w87ez9o,https://wandb.ai/vanzl3386-chinese-university-of-hong-kong-shenzhen/flow-grpo-algo/runs/4w87ez9o,6,3,0,0,6,reference_mse,42,80,True,True,True,0.0005171675714082491,0.09786086729602197,0.03271041047876149,189.22467824025875,0.3342542466930616,,,,DiffusionART,reference_mse_pair
4w87ez9o,https://wandb.ai/vanzl3386-chinese-university-of-hong-kong-shenzhen/flow-grpo-algo/runs/4w87ez9o,7,3,1,8,7,reference_mse,42,80,True,True,True,0.0006811058722411639,0.14605590035069602,0.056455396101009525,214.43934974470602,0.38653279987630773,,,,DiffusionART,reference_mse_pair
4w87ez9o,https://wandb.ai/vanzl3386-chinese-university-of-hong-kong-shenzhen/flow-grpo-algo/runs/4w87ez9o,8,4,0,0,8,reference_mse,42,80,True,True,True,0.0007986907255217312,0.20342340230023837,0.07859059773198848,254.69608673289082,0.386340002395567,,,,DiffusionART,reference_mse_pair
4w87ez9o,https://wandb.ai/vanzl3386-chinese-university-of-hong-kong-shenzhen/flow-grpo-algo/runs/4w87ez9o,9,4,1,8,9,reference_mse,42,80,True,True,True,0.0009522048215027804,0.21157360321974322,0.09041264492706569,222.19337525075264,0.4273342399579114,,,,DiffusionART,reference_mse_pair
4w87ez9o,https://wandb.ai/vanzl3386-chinese-university-of-hong-kong-shenzhen/flow-grpo-algo/runs/4w87ez9o,10,5,0,0,10,reference_mse,42,80,True,True,True,0.0010436992085796478,0.24747201714824799,0.1000140980516377,237.11047695918862,0.404143059098776,,,,DiffusionART,reference_mse_pair
4w87ez9o,https://wandb.ai/vanzl3386-chinese-university-of-hong-kong-shenzhen/flow-grpo-algo/runs/4w87ez9o,11,5,1,8,11,reference_mse,42,80,True,True,True,0.0012154969321611204,0.2991774860961499,0.1278326466067298,246.13594504448523,0.42728030198651656,,,,DiffusionART,reference_mse_pair
4w87ez9o,https://wandb.ai/vanzl3386-chinese-university-of-hong-kong-shenzhen/flow-grpo-algo/runs/4w87ez9o,12,6,0,0,12,reference_mse,42,80,True,True,True,0.0012262708084060964,0.2862629882398381,0.12313158156566553,233.44190066134084,0.4301344799157302,,,,DiffusionART,reference_mse_pair
4w87ez9o,https://wandb.ai/vanzl3386-chinese-university-of-hong-kong-shenzhen/flow-grpo-algo/runs/4w87ez9o,13,6,1,8,13,reference_mse,42,80,True,True,True,0.0013228657116889418,0.3494976974056635,0.1345780136363424,264.1974119651566,0.385061231119177,,,,DiffusionART,reference_mse_pair
4w87ez9o,https://wandb.ai/vanzl3386-chinese-university-of-hong-kong-shenzhen/flow-grpo-algo/runs/4w87ez9o,14,7,0,0,14,reference_mse,42,80,True,True,True,0.0013381087515322593,0.3177146104559222,0.138405842916779,237.4355672452701,0.4356294560019316,,,,DiffusionART,reference_mse_pair
4w87ez9o,https://wandb.ai/vanzl3386-chinese-university-of-hong-kong-shenzhen/flow-grpo-algo/runs/4w87ez9o,15,7,1,8,15,reference_mse,42,80,True,True,True,0.0014827818624109901,0.3944492564753583,0.15255080469233684,266.01974739155986,0.3867438008515219,,,,DiffusionART,reference_mse_pair
4w87ez9o,https://wandb.ai/vanzl3386-chinese-university-of-hong-kong-shenzhen/flow-grpo-algo/runs/4w87ez9o,16,8,0,0,16,reference_mse,42,80,True,True,True,0.0014157601934321263,0.3457786684661833,0.13477436316351496,244.23533736171575,0.3897706118233135,,,,DiffusionART,reference_mse_pair
4w87ez9o,https://wandb.ai/vanzl3386-chinese-university-of-hong-kong-shenzhen/flow-grpo-algo/runs/4w87ez9o,17,8,1,8,17,reference_mse,42,80,True,True,True,0.001484252715845916,0.3708236156456167,0.14747442989301346,249.83859668013088,0.39769427747004565,,,,DiffusionART,reference_mse_pair
4w87ez9o,https://wandb.ai/vanzl3386-chinese-university-of-hong-kong-shenzhen/flow-grpo-algo/runs/4w87ez9o,18,9,0,0,18,reference_mse,42,80,True,True,True,0.0015261142447177665,0.37547148207900305,0.15901899023037175,246.03104477832932,0.4235181573574542,,,,DiffusionART,reference_mse_pair
4w87ez9o,https://wandb.ai/vanzl3386-chinese-university-of-hong-kong-shenzhen/flow-grpo-algo/runs/4w87ez9o,19,9,1,8,19,reference_mse,42,80,True,True,True,0.001575540505984473,0.374304559075287,0.15343756943877088,237.57215866779865,0.40992706532305073,,,,DiffusionART,reference_mse_pair
4w87ez9o,https://wandb.ai/vanzl3386-chinese-university-of-hong-kong-shenzhen/flow-grpo-algo/runs/4w87ez9o,20,10,0,0,20,reference_mse,42,80,True,True,True,0.0016118832502739666,0.36120954760781215,0.15673539914620288,224.0916316652701,0.43391820671468057,,,,DiffusionART,reference_mse_pair
4w87ez9o,https://wandb.ai/vanzl3386-chinese-university-of-hong-kong-shenzhen/flow-grpo-algo/runs/4w87ez9o,21,10,1,8,21,reference_mse,42,80,True,True,True,0.0016338579516486512,0.4209433465398134,0.16471289274705503,257.63766434839624,0.3912946815789052,,,,DiffusionART,reference_mse_pair
4w87ez9o,https://wandb.ai/vanzl3386-chinese-university-of-hong-kong-shenzhen/flow-grpo-algo/runs/4w87ez9o,22,11,0,0,22,reference_mse,42,80,True,True,True,0.0017008083703544802,0.4943374192697566,0.18311591093714563,290.6485103708229,0.37042696708585704,,,,DiffusionART,reference_mse_pair
4w87ez9o,https://wandb.ai/vanzl3386-chinese-university-of-hong-kong-shenzhen/flow-grpo-algo/runs/4w87ez9o,23,11,1,8,23,reference_mse,42,80,True,True,True,0.0018382039028014899,0.5050844836267602,0.2032535120609734,274.77065131729563,0.40241488038102285,,,,DiffusionART,reference_mse_pair
4w87ez9o,https://wandb.ai/vanzl3386-chinese-university-of-hong-kong-shenzhen/flow-grpo-algo/runs/4w87ez9o,24,12,0,0,24,reference_mse,42,80,True,True,True,0.0017446673028432794,0.47655957022068407,0.18757323567551318,273.15211871285504,0.393598717550992,,,,DiffusionART,reference_mse_pair
4w87ez9o,https://wandb.ai/vanzl3386-chinese-university-of-hong-kong-shenzhen/flow-grpo-algo/runs/4w87ez9o,25,12,1,8,25,reference_mse,42,80,True,True,True,0.0019093457940163937,0.505968634339701,0.22610732640912987,264.99580952037684,0.4468801247022049,,,,DiffusionART,reference_mse_pair
4w87ez9o,https://wandb.ai/vanzl3386-chinese-university-of-hong-kong-shenzhen/flow-grpo-algo/runs/4w87ez9o,26,13,0,0,26,reference_mse,42,80,True,True,True,0.0018442327609287587,0.4863755752014612,0.1908942033779598,263.7278685779997,0.3924831202695359,,,,DiffusionART,reference_mse_pair
4w87ez9o,https://wandb.ai/vanzl3386-chinese-university-of-hong-kong-shenzhen/flow-grpo-algo/runs/4w87ez9o,27,13,1,8,27,reference_mse,42,80,True,True,True,0.0018940781934654912,0.5327955626806467,0.20834344253385315,281.29544203548414,0.39103824642536017,,,,DiffusionART,reference_mse_pair
4w87ez9o,https://wandb.ai/vanzl3386-chinese-university-of-hong-kong-shenzhen/flow-grpo-algo/runs/4w87ez9o,28,14,0,0,28,reference_mse,42,80,True,True,True,0.001903592829473257,0.5856855866910651,0.2216523835307913,307.6737722599691,0.3784494421026406,,,,DiffusionART,reference_mse_pair
4w87ez9o,https://wandb.ai/vanzl3386-chinese-university-of-hong-kong-shenzhen/flow-grpo-algo/runs/4w87ez9o,29,14,1,8,29,reference_mse,42,80,True,True,True,0.0020189037084549976,0.6347262509973705,0.25091608056137643,314.3915424689106,0.395313854070321,,,,DiffusionART,reference_mse_pair
4w87ez9o,https://wandb.ai/vanzl3386-chinese-university-of-hong-kong-shenzhen/flow-grpo-algo/runs/4w87ez9o,30,15,0,0,30,reference_mse,42,80,True,True,True,0.002024188822392734,0.6237175570771979,0.25266828068015673,308.13210219188926,0.4051004782744697,,,,DiffusionART,reference_mse_pair
4w87ez9o,https://wandb.ai/vanzl3386-chinese-university-of-hong-kong-shenzhen/flow-grpo-algo/runs/4w87ez9o,31,15,1,8,31,reference_mse,42,80,True,True,True,0.0019028855323311045,0.5164171170045309,0.2105978908063196,271.3863278848418,0.4078057908457591,,,,DiffusionART,reference_mse_pair
4w87ez9o,https://wandb.ai/vanzl3386-chinese-university-of-hong-kong-shenzhen/flow-grpo-algo/runs/4w87ez9o,32,16,0,0,32,reference_mse,42,80,True,True,True,0.0019125375479419106,0.5418813813945661,0.2073260305295681,283.33110739587147,0.38260408577980926,,,,DiffusionART,reference_mse_pair
4w87ez9o,https://wandb.ai/vanzl3386-chinese-university-of-hong-kong-shenzhen/flow-grpo-algo/runs/4w87ez9o,33,16,1,8,33,reference_mse,42,80,True,True,True,0.0019011856927976475,0.5042477819285438,0.20886187349139593,265.22805417630155,0.41420484328673446,,,,DiffusionART,reference_mse_pair
4w87ez9o,https://wandb.ai/vanzl3386-chinese-university-of-hong-kong-shenzhen/flow-grpo-algo/runs/4w87ez9o,34,17,0,0,34,reference_mse,42,80,True,True,True,0.0018120620175221772,0.4645349472550352,0.19978169276576702,256.35709085180355,0.4300681659071917,,,,DiffusionART,reference_mse_pair
4w87ez9o,https://wandb.ai/vanzl3386-chinese-university-of-hong-kong-shenzhen/flow-grpo-algo/runs/4w87ez9o,35,17,1,8,35,reference_mse,42,80,True,True,True,0.0020183708988663752,0.6108375405886075,0.24022950656177114,302.6388960184109,0.3932788844809444,,,,DiffusionART,reference_mse_pair
4w87ez9o,https://wandb.ai/vanzl3386-chinese-university-of-hong-kong-shenzhen/flow-grpo-algo/runs/4w87ez9o,36,18,0,0,36,reference_mse,42,80,True,True,True,0.0019387548478490176,0.5592976188694386,0.22530847759300965,288.4828989544296,0.40284183231183257,,,,DiffusionART,reference_mse_pair
4w87ez9o,https://wandb.ai/vanzl3386-chinese-university-of-hong-kong-shenzhen/flow-grpo-algo/runs/4w87ez9o,37,18,1,8,37,reference_mse,42,80,True,True,True,0.0020556717118818363,0.6358300696975474,0.25219622722114643,309.3052582386735,0.3966409253672314,,,,DiffusionART,reference_mse_pair
4w87ez9o,https://wandb.ai/vanzl3386-chinese-university-of-hong-kong-shenzhen/flow-grpo-algo/runs/4w87ez9o,38,19,0,0,38,reference_mse,42,80,True,True,True,0.002122847380053731,0.6962862772659791,0.26544543640807644,327.9963900411699,0.3812303144194771,,,,DiffusionART,reference_mse_pair
4w87ez9o,https://wandb.ai/vanzl3386-chinese-university-of-hong-kong-shenzhen/flow-grpo-algo/runs/4w87ez9o,39,19,1,8,39,reference_mse,42,80,True,True,True,0.002146241824405128,0.7372412980303649,0.30268989365583304,343.50336930681397,0.41057099549972054,,,,DiffusionART,reference_mse_pair
4w87ez9o,https://wandb.ai/vanzl3386-chinese-university-of-hong-kong-shenzhen/flow-grpo-algo/runs/4w87ez9o,1,0,1,8,1,art_guidance,42,80,True,True,True,0.0016846502285225579,0.11778355747007338,0.04778324867671116,69.9157341244478,0.4056869201700925,57.206999670577275,27,53,DiffusionART,reference_mse_pair
4w87ez9o,https://wandb.ai/vanzl3386-chinese-university-of-hong-kong-shenzhen/flow-grpo-algo/runs/4w87ez9o,2,1,0,0,2,art_guidance,42,80,True,True,True,0.004499975597798732,0.37712982914278853,0.08744366850262955,83.8070831600221,0.23186622151153605,68.80137209539012,70,10,DiffusionART,reference_mse_pair
4w87ez9o,https://wandb.ai/vanzl3386-chinese-university-of-hong-kong-shenzhen/flow-grpo-algo/runs/4w87ez9o,3,1,1,8,3,art_guidance,42,80,True,True,True,0.004033352701366149,0.2531445662828794,0.06428511926629682,62.76281422081834,0.2539462735078447,54.85871585442839,56,24,DiffusionART,reference_mse_pair
4w87ez9o,https://wandb.ai/vanzl3386-chinese-university-of-hong-kong-shenzhen/flow-grpo-algo/runs/4w87ez9o,4,2,0,0,4,art_guidance,42,80,True,True,True,0.005142829252976468,0.34470226089843936,0.11459491701242253,67.02580310223973,0.33244608466953446,55.33995915422779,80,0,DiffusionART,reference_mse_pair
4w87ez9o,https://wandb.ai/vanzl3386-chinese-university-of-hong-kong-shenzhen/flow-grpo-algo/runs/4w87ez9o,5,2,1,8,5,art_guidance,42,80,True,True,True,0.004617652980721999,0.30468412244555776,0.0896405338575941,65.98246419069768,0.2942080904580495,55.17364469571479,70,10,DiffusionART,reference_mse_pair
4w87ez9o,https://wandb.ai/vanzl3386-chinese-university-of-hong-kong-shenzhen/flow-grpo-algo/runs/4w87ez9o,6,3,0,0,6,art_guidance,42,80,True,True,True,0.005142829307575629,0.35597799897921767,0.09022734271816556,69.21831888428522,0.2534632560913775,56.8902127629025,80,0,DiffusionART,reference_mse_pair
4w87ez9o,https://wandb.ai/vanzl3386-chinese-university-of-hong-kong-shenzhen/flow-grpo-algo/runs/4w87ez9o,7,3,1,8,7,art_guidance,42,80,True,True,True,0.0038696587949125357,0.3628545617717028,0.08788144240851935,93.76913598913421,0.2421946743053811,82.15525297510493,51,29,DiffusionART,reference_mse_pair
4w87ez9o,https://wandb.ai/vanzl3386-chinese-university-of-hong-kong-shenzhen/flow-grpo-algo/runs/4w87ez9o,8,4,0,0,8,art_guidance,42,80,True,True,True,0.005142829292663671,0.47148434343148143,0.12530958160538985,91.67800768811469,0.2657767608853813,72.86789252893352,80,0,DiffusionART,reference_mse_pair
4w87ez9o,https://wandb.ai/vanzl3386-chinese-university-of-hong-kong-shenzhen/flow-grpo-algo/runs/4w87ez9o,9,4,1,8,9,art_guidance,42,80,True,True,True,0.0021423209360262215,0.20264994624836982,0.07249550731427581,94.59364506994177,0.35773760939183563,77.34020348182214,31,49,DiffusionART,reference_mse_pair
4w87ez9o,https://wandb.ai/vanzl3386-chinese-university-of-hong-kong-shenzhen/flow-grpo-algo/runs/4w87ez9o,10,5,0,0,10,art_guidance,42,80,True,True,True,0.005142829270346668,0.526009265595424,0.16819893107794884,102.28013374435174,0.3197641982362298,81.84180089874697,80,0,DiffusionART,reference_mse_pair
4w87ez9o,https://wandb.ai/vanzl3386-chinese-university-of-hong-kong-shenzhen/flow-grpo-algo/runs/4w87ez9o,11,5,1,8,11,art_guidance,42,80,True,True,True,0.0032699893996286423,0.4289278019483687,0.15889429554719353,131.1710068531354,0.3704453169634364,103.20286562098364,50,30,DiffusionART,reference_mse_pair
4w87ez9o,https://wandb.ai/vanzl3386-chinese-university-of-hong-kong-shenzhen/flow-grpo-algo/runs/4w87ez9o,12,6,0,0,12,art_guidance,42,80,True,True,True,0.005142829221415611,0.630776262465172,0.1495621763739358,122.65160582010247,0.23710812418562402,97.94227675820875,80,0,DiffusionART,reference_mse_pair
4w87ez9o,https://wandb.ai/vanzl3386-chinese-university-of-hong-kong-shenzhen/flow-grpo-algo/runs/4w87ez9o,13,6,1,8,13,art_guidance,42,80,True,True,True,0.0029183836150874914,0.35809693377512,0.13226442721916593,122.70385974065456,0.3693536993595879,103.43747194960011,43,37,DiffusionART,reference_mse_pair
4w87ez9o,https://wandb.ai/vanzl3386-chinese-university-of-hong-kong-shenzhen/flow-grpo-algo/runs/4w87ez9o,14,7,0,0,14,art_guidance,42,80,True,True,True,0.005142829246383859,0.5743774153126159,0.20017412055001232,111.6851032369945,0.3485062525326901,91.49339436226987,80,0,DiffusionART,reference_mse_pair
4w87ez9o,https://wandb.ai/vanzl3386-chinese-university-of-hong-kong-shenzhen/flow-grpo-algo/runs/4w87ez9o,15,7,1,8,15,art_guidance,42,80,True,True,True,0.0025405738669423716,0.33199252927664585,0.10554143380781393,130.6761962706501,0.3179030384743006,105.45406733141316,38,42,DiffusionART,reference_mse_pair
4w87ez9o,https://wandb.ai/vanzl3386-chinese-university-of-hong-kong-shenzhen/flow-grpo-algo/runs/4w87ez9o,16,8,0,0,16,art_guidance,42,80,True,True,True,0.0051428292639986205,0.5465772111666427,0.13188938369979392,106.27947830056318,0.24130055371002823,87.62013193975956,80,0,DiffusionART,reference_mse_pair
4w87ez9o,https://wandb.ai/vanzl3386-chinese-university-of-hong-kong-shenzhen/flow-grpo-algo/runs/4w87ez9o,17,8,1,8,17,art_guidance,42,80,True,True,True,0.003720855847056073,0.4862787141464575,0.14999061021619087,130.69001706454156,0.3084457654690118,107.56457992188392,58,22,DiffusionART,reference_mse_pair
4w87ez9o,https://wandb.ai/vanzl3386-chinese-university-of-hong-kong-shenzhen/flow-grpo-algo/runs/4w87ez9o,18,9,0,0,18,art_guidance,42,80,True,True,True,0.005142829276657964,0.7294698899282726,0.19227746159185605,141.84213604740037,0.2635851928182565,110.81015242503683,80,0,DiffusionART,reference_mse_pair
4w87ez9o,https://wandb.ai/vanzl3386-chinese-university-of-hong-kong-shenzhen/flow-grpo-algo/runs/4w87ez9o,19,9,1,8,19,art_guidance,42,80,True,True,True,0.004001863400961529,0.5270318490692822,0.1286500057663962,131.69661136925666,0.24410290572303575,109.42779041632971,59,21,DiffusionART,reference_mse_pair
4w87ez9o,https://wandb.ai/vanzl3386-chinese-university-of-hong-kong-shenzhen/flow-grpo-algo/runs/4w87ez9o,20,10,0,0,20,art_guidance,42,80,True,True,True,0.005142829278554626,0.6310114035303755,0.1491269915640615,122.69732657890582,0.23633010549370023,97.8904403745334,80,0,DiffusionART,reference_mse_pair
4w87ez9o,https://wandb.ai/vanzl3386-chinese-university-of-hong-kong-shenzhen/flow-grpo-algo/runs/4w87ez9o,21,10,1,8,21,art_guidance,42,80,True,True,True,0.00393351050320147,0.6538086884650907,0.16979990178651067,166.2150610588069,0.25970884875381545,139.82594859378946,59,21,DiffusionART,reference_mse_pair
4w87ez9o,https://wandb.ai/vanzl3386-chinese-university-of-hong-kong-shenzhen/flow-grpo-algo/runs/4w87ez9o,22,11,0,0,22,art_guidance,42,80,True,True,True,0.005142829277061901,0.7383092310577275,0.15523796352206917,143.56090612432766,0.21026144194305937,117.63731522372106,80,0,DiffusionART,reference_mse_pair
4w87ez9o,https://wandb.ai/vanzl3386-chinese-university-of-hong-kong-shenzhen/flow-grpo-algo/runs/4w87ez9o,23,11,1,8,23,art_guidance,42,80,True,True,True,0.0036750188703061834,0.5448873048835263,0.1824395699054416,148.26789306747943,0.3348207386561142,119.61478544882749,58,22,DiffusionART,reference_mse_pair
4w87ez9o,https://wandb.ai/vanzl3386-chinese-university-of-hong-kong-shenzhen/flow-grpo-algo/runs/4w87ez9o,24,12,0,0,24,art_guidance,42,80,True,True,True,0.005142829263297624,0.7554373713478342,0.2143294686294659,146.8913962863005,0.2837157344321795,121.40856046821878,80,0,DiffusionART,reference_mse_pair
4w87ez9o,https://wandb.ai/vanzl3386-chinese-university-of-hong-kong-shenzhen/flow-grpo-algo/runs/4w87ez9o,25,12,1,8,25,art_guidance,42,80,True,True,True,0.00344801188519191,0.6250367978676115,0.18963835106764956,181.27454854547958,0.30340349834541536,144.082923183933,54,26,DiffusionART,reference_mse_pair
4w87ez9o,https://wandb.ai/vanzl3386-chinese-university-of-hong-kong-shenzhen/flow-grpo-algo/runs/4w87ez9o,26,13,0,0,26,art_guidance,42,80,True,True,True,0.005142829213668565,0.8426164682223638,0.2101518921170405,163.8429808213085,0.2494039697092439,130.36155235453424,80,0,DiffusionART,reference_mse_pair
4w87ez9o,https://wandb.ai/vanzl3386-chinese-university-of-hong-kong-shenzhen/flow-grpo-algo/runs/4w87ez9o,27,13,1,8,27,art_guidance,42,80,True,True,True,0.004717286369275185,0.8078116622315423,0.18317765882539117,171.24499108067997,0.2267578785869114,138.29673073691868,72,8,DiffusionART,reference_mse_pair
4w87ez9o,https://wandb.ai/vanzl3386-chinese-university-of-hong-kong-shenzhen/flow-grpo-algo/runs/4w87ez9o,28,14,0,0,28,art_guidance,42,80,True,True,True,0.005142829178584227,0.955678399484789,0.21842695295232625,185.82736589121524,0.22855696337814196,148.72277938832968,80,0,DiffusionART,reference_mse_pair
4w87ez9o,https://wandb.ai/vanzl3386-chinese-university-of-hong-kong-shenzhen/flow-grpo-algo/runs/4w87ez9o,29,14,1,8,29,art_guidance,42,80,True,True,True,0.0035933096069619046,0.6660859878526413,0.18097095276739536,185.36838199584147,0.27169307877323445,156.8913085897828,55,25,DiffusionART,reference_mse_pair
4w87ez9o,https://wandb.ai/vanzl3386-chinese-university-of-hong-kong-shenzhen/flow-grpo-algo/runs/4w87ez9o,30,15,0,0,30,art_guidance,42,80,True,True,True,0.005142829252181911,0.7616057965791051,0.1781482382061941,148.09081912567567,0.2339113475847745,117.81349195086909,80,0,DiffusionART,reference_mse_pair
4w87ez9o,https://wandb.ai/vanzl3386-chinese-university-of-hong-kong-shenzhen/flow-grpo-algo/runs/4w87ez9o,31,15,1,8,31,art_guidance,42,80,True,True,True,0.004313678316579057,0.5751992012661971,0.17162978728828807,133.3430912211266,0.29838321560682995,113.46275156783157,68,12,DiffusionART,reference_mse_pair
4w87ez9o,https://wandb.ai/vanzl3386-chinese-university-of-hong-kong-shenzhen/flow-grpo-algo/runs/4w87ez9o,32,16,0,0,32,art_guidance,42,80,True,True,True,0.0051428292903252255,0.7279435615123462,0.19205792492943438,141.5453479822411,0.26383628495926603,117.75817430731482,80,0,DiffusionART,reference_mse_pair
4w87ez9o,https://wandb.ai/vanzl3386-chinese-university-of-hong-kong-shenzhen/flow-grpo-algo/runs/4w87ez9o,33,16,1,8,33,art_guidance,42,80,True,True,True,0.004163804827472224,0.6552267951466102,0.17707515827514117,157.36251392560766,0.2702501783913152,125.52362530502384,63,17,DiffusionART,reference_mse_pair
4w87ez9o,https://wandb.ai/vanzl3386-chinese-university-of-hong-kong-shenzhen/flow-grpo-algo/runs/4w87ez9o,34,17,0,0,34,art_guidance,42,80,True,True,True,0.005142829316661084,0.7023911381998543,0.15357323788154914,136.5767936190954,0.21864347303005452,115.00114892712057,80,0,DiffusionART,reference_mse_pair
4w87ez9o,https://wandb.ai/vanzl3386-chinese-university-of-hong-kong-shenzhen/flow-grpo-algo/runs/4w87ez9o,35,17,1,8,35,art_guidance,42,80,True,True,True,0.004119146314374338,0.6227433582110219,0.14544992433917164,151.18262637038936,0.23356318846500598,126.65370183419569,61,19,DiffusionART,reference_mse_pair
4w87ez9o,https://wandb.ai/vanzl3386-chinese-university-of-hong-kong-shenzhen/flow-grpo-algo/runs/4w87ez9o,36,18,0,0,36,art_guidance,42,80,True,True,True,0.005142829245716981,0.7202807835769709,0.17942446425350406,140.05535652906045,0.24910350011348087,113.08059924620076,80,0,DiffusionART,reference_mse_pair
4w87ez9o,https://wandb.ai/vanzl3386-chinese-university-of-hong-kong-shenzhen/flow-grpo-algo/runs/4w87ez9o,37,18,1,8,37,art_guidance,42,80,True,True,True,0.0018114888598234412,0.29929709989804526,0.13253272919483286,165.2216066772923,0.4428132756380859,143.02311272617942,31,49,DiffusionART,reference_mse_pair
4w87ez9o,https://wandb.ai/vanzl3386-chinese-university-of-hong-kong-shenzhen/flow-grpo-algo/runs/4w87ez9o,38,19,0,0,38,art_guidance,42,80,True,True,True,0.005142829282371417,0.9881162499436099,0.2666961928632461,192.13475612163006,0.2699036605039801,149.41361664373403,80,0,DiffusionART,reference_mse_pair
4w87ez9o,https://wandb.ai/vanzl3386-chinese-university-of-hong-kong-shenzhen/flow-grpo-algo/runs/4w87ez9o,39,19,1,8,39,art_guidance,42,80,True,True,True,0.0032029868739133173,0.4809451550777041,0.15151602113404045,150.155206377758,0.3150380444305769,125.78881332293986,53,27,DiffusionART,reference_mse_pair
4w87ez9o,https://wandb.ai/vanzl3386-chinese-university-of-hong-kong-shenzhen/flow-grpo-algo/runs/4w87ez9o,1,0,1,8,1,art_restore,42,80,True,True,True,8.674245098660988e-05,0.019108023460051936,0.015099825811413576,220.28456935118854,0.7902348373698581,,,,DiffusionART,restore_pair
4w87ez9o,https://wandb.ai/vanzl3386-chinese-university-of-hong-kong-shenzhen/flow-grpo-algo/runs/4w87ez9o,3,1,1,8,3,art_restore,42,80,True,True,True,9.639598403899093e-05,0.02163226262048055,0.012034496981338409,224.41041331898828,0.556321693780873,,,,DiffusionART,restore_pair
4w87ez9o,https://wandb.ai/vanzl3386-chinese-university-of-hong-kong-shenzhen/flow-grpo-algo/runs/4w87ez9o,5,2,1,8,5,art_restore,42,80,True,True,True,0.0001118110822394121,0.027681429050628148,0.010627106830117332,247.57321453481796,0.3839074496725154,,,,DiffusionART,restore_pair
4w87ez9o,https://wandb.ai/vanzl3386-chinese-university-of-hong-kong-shenzhen/flow-grpo-algo/runs/4w87ez9o,7,3,1,8,7,art_restore,42,80,True,True,True,0.0001322646152076039,0.035429890329920236,0.014532881525041489,267.87126907910414,0.4101870310552047,,,,DiffusionART,restore_pair
4w87ez9o,https://wandb.ai/vanzl3386-chinese-university-of-hong-kong-shenzhen/flow-grpo-algo/runs/4w87ez9o,9,4,1,8,9,art_restore,42,80,True,True,True,0.00010488873693009171,0.024253594260999916,0.013568763747501164,231.23163621624047,0.5594537288570011,,,,DiffusionART,restore_pair
4w87ez9o,https://wandb.ai/vanzl3386-chinese-university-of-hong-kong-shenzhen/flow-grpo-algo/runs/4w87ez9o,11,5,1,8,11,art_restore,42,80,True,True,True,0.00013204869646897235,0.04174501586054951,0.017738898617047555,316.13349451244596,0.42493452814354854,,,,DiffusionART,restore_pair
4w87ez9o,https://wandb.ai/vanzl3386-chinese-university-of-hong-kong-shenzhen/flow-grpo-algo/runs/4w87ez9o,13,6,1,8,13,art_restore,42,80,True,True,True,9.631507911226921e-05,0.04016609914565707,0.01651862567490734,417.0281488201619,0.4112579022176069,,,,DiffusionART,restore_pair
4w87ez9o,https://wandb.ai/vanzl3386-chinese-university-of-hong-kong-shenzhen/flow-grpo-algo/runs/4w87ez9o,15,7,1,8,15,art_restore,42,80,True,True,True,0.00010738352315070883,0.05324606119525653,0.023789723909352557,495.8494528115607,0.44678842669909796,,,,DiffusionART,restore_pair
4w87ez9o,https://wandb.ai/vanzl3386-chinese-university-of-hong-kong-shenzhen/flow-grpo-algo/runs/4w87ez9o,17,8,1,8,17,art_restore,42,80,True,True,True,0.00013765712666742477,0.05293366712121245,0.024371059683569705,384.53270384684475,0.46040754417717894,,,,DiffusionART,restore_pair
4w87ez9o,https://wandb.ai/vanzl3386-chinese-university-of-hong-kong-shenzhen/flow-grpo-algo/runs/4w87ez9o,19,9,1,8,19,art_restore,42,80,True,True,True,0.000126179820897936,0.0507717740778056,0.01803301527416578,402.3763365369946,0.3551779625925804,,,,DiffusionART,restore_pair
4w87ez9o,https://wandb.ai/vanzl3386-chinese-university-of-hong-kong-shenzhen/flow-grpo-algo/runs/4w87ez9o,21,10,1,8,21,art_restore,42,80,True,True,True,0.00011132673376096214,0.04141562574291271,0.016896427598036803,372.0186907831075,0.407972288114667,,,,DiffusionART,restore_pair
4w87ez9o,https://wandb.ai/vanzl3386-chinese-university-of-hong-kong-shenzhen/flow-grpo-algo/runs/4w87ez9o,23,11,1,8,23,art_restore,42,80,True,True,True,0.00016791213720134397,0.09866356206908242,0.0459454405816091,587.5904131383584,0.46567790193343056,,,,DiffusionART,restore_pair
4w87ez9o,https://wandb.ai/vanzl3386-chinese-university-of-hong-kong-shenzhen/flow-grpo-algo/runs/4w87ez9o,25,12,1,8,25,art_restore,42,80,True,True,True,0.00014255343028074925,0.07142316052018967,0.035845380480541464,501.02730168980594,0.5018733449972269,,,,DiffusionART,restore_pair
4w87ez9o,https://wandb.ai/vanzl3386-chinese-university-of-hong-kong-shenzhen/flow-grpo-algo/runs/4w87ez9o,27,13,1,8,27,art_restore,42,80,True,True,True,0.00013486992834301734,0.07076623004316476,0.02692611798033062,524.6998416369261,0.3804938876058071,,,,DiffusionART,restore_pair
4w87ez9o,https://wandb.ai/vanzl3386-chinese-university-of-hong-kong-shenzhen/flow-grpo-algo/runs/4w87ez9o,29,14,1,8,29,art_restore,42,80,True,True,True,0.00011912774899197106,0.07263940677149691,0.032899389404721015,609.7605921890847,0.45291379523807535,,,,DiffusionART,restore_pair
4w87ez9o,https://wandb.ai/vanzl3386-chinese-university-of-hong-kong-shenzhen/flow-grpo-algo/runs/4w87ez9o,31,15,1,8,31,art_restore,42,80,True,True,True,0.00018839902667465701,0.11852126335443788,0.05429922641188241,629.0970046204653,0.45813911255316736,,,,DiffusionART,restore_pair
4w87ez9o,https://wandb.ai/vanzl3386-chinese-university-of-hong-kong-shenzhen/flow-grpo-algo/runs/4w87ez9o,33,16,1,8,33,art_restore,42,80,True,True,True,0.00015800571710477786,0.09369377988534297,0.038784308737202317,592.9771504610311,0.4139475297577311,,,,DiffusionART,restore_pair
4w87ez9o,https://wandb.ai/vanzl3386-chinese-university-of-hong-kong-shenzhen/flow-grpo-algo/runs/4w87ez9o,35,17,1,8,35,art_restore,42,80,True,True,True,0.00015743931820962358,0.08636370954276336,0.037186458124597845,548.5523598861998,0.43057967659650853,,,,DiffusionART,restore_pair
4w87ez9o,https://wandb.ai/vanzl3386-chinese-university-of-hong-kong-shenzhen/flow-grpo-algo/runs/4w87ez9o,37,18,1,8,37,art_restore,42,80,True,True,True,7.553873216636734e-05,0.0379713501580184,0.018992101309690975,502.6739140179091,0.5001692389302733,,,,DiffusionART,restore_pair
4w87ez9o,https://wandb.ai/vanzl3386-chinese-university-of-hong-kong-shenzhen/flow-grpo-algo/runs/4w87ez9o,39,19,1,8,39,art_restore,42,80,True,True,True,0.0001367595721795161,0.09817439511522015,0.04435888625534366,717.8612330429968,0.451837632442582,,,,DiffusionART,restore_pair
4w87ez9o,https://wandb.ai/vanzl3386-chinese-university-of-hong-kong-shenzhen/flow-grpo-algo/runs/4w87ez9o,1,0,1,8,1,art_guidance,42,80,True,True,True,0.0016846502285225579,0.11778355747007338,0.04778324867671116,69.9157341244478,0.4056869201700925,57.206999670577275,27,53,DiffusionART,restore_pair
4w87ez9o,https://wandb.ai/vanzl3386-chinese-university-of-hong-kong-shenzhen/flow-grpo-algo/runs/4w87ez9o,3,1,1,8,3,art_guidance,42,80,True,True,True,0.004033352701366149,0.2531445662828794,0.06428511926629682,62.76281422081834,0.2539462735078447,54.85871585442839,56,24,DiffusionART,restore_pair
4w87ez9o,https://wandb.ai/vanzl3386-chinese-university-of-hong-kong-shenzhen/flow-grpo-algo/runs/4w87ez9o,5,2,1,8,5,art_guidance,42,80,True,True,True,0.004617652980721999,0.30468412244555776,0.0896405338575941,65.98246419069768,0.2942080904580495,55.17364469571479,70,10,DiffusionART,restore_pair
4w87ez9o,https://wandb.ai/vanzl3386-chinese-university-of-hong-kong-shenzhen/flow-grpo-algo/runs/4w87ez9o,7,3,1,8,7,art_guidance,42,80,True,True,True,0.0038696587949125357,0.3628545617717028,0.08788144240851935,93.76913598913421,0.2421946743053811,82.15525297510493,51,29,DiffusionART,restore_pair
4w87ez9o,https://wandb.ai/vanzl3386-chinese-university-of-hong-kong-shenzhen/flow-grpo-algo/runs/4w87ez9o,9,4,1,8,9,art_guidance,42,80,True,True,True,0.0021423209360262215,0.20264994624836982,0.07249550731427581,94.59364506994177,0.35773760939183563,77.34020348182214,31,49,DiffusionART,restore_pair
4w87ez9o,https://wandb.ai/vanzl3386-chinese-university-of-hong-kong-shenzhen/flow-grpo-algo/runs/4w87ez9o,11,5,1,8,11,art_guidance,42,80,True,True,True,0.0032699893996286423,0.4289278019483687,0.15889429554719353,131.1710068531354,0.3704453169634364,103.20286562098364,50,30,DiffusionART,restore_pair
4w87ez9o,https://wandb.ai/vanzl3386-chinese-university-of-hong-kong-shenzhen/flow-grpo-algo/runs/4w87ez9o,13,6,1,8,13,art_guidance,42,80,True,True,True,0.0029183836150874914,0.35809693377512,0.13226442721916593,122.70385974065456,0.3693536993595879,103.43747194960011,43,37,DiffusionART,restore_pair
4w87ez9o,https://wandb.ai/vanzl3386-chinese-university-of-hong-kong-shenzhen/flow-grpo-algo/runs/4w87ez9o,15,7,1,8,15,art_guidance,42,80,True,True,True,0.0025405738669423716,0.33199252927664585,0.10554143380781393,130.6761962706501,0.3179030384743006,105.45406733141316,38,42,DiffusionART,restore_pair
4w87ez9o,https://wandb.ai/vanzl3386-chinese-university-of-hong-kong-shenzhen/flow-grpo-algo/runs/4w87ez9o,17,8,1,8,17,art_guidance,42,80,True,True,True,0.003720855847056073,0.4862787141464575,0.14999061021619087,130.69001706454156,0.3084457654690118,107.56457992188392,58,22,DiffusionART,restore_pair
4w87ez9o,https://wandb.ai/vanzl3386-chinese-university-of-hong-kong-shenzhen/flow-grpo-algo/runs/4w87ez9o,19,9,1,8,19,art_guidance,42,80,True,True,True,0.004001863400961529,0.5270318490692822,0.1286500057663962,131.69661136925666,0.24410290572303575,109.42779041632971,59,21,DiffusionART,restore_pair
4w87ez9o,https://wandb.ai/vanzl3386-chinese-university-of-hong-kong-shenzhen/flow-grpo-algo/runs/4w87ez9o,21,10,1,8,21,art_guidance,42,80,True,True,True,0.00393351050320147,0.6538086884650907,0.16979990178651067,166.2150610588069,0.25970884875381545,139.82594859378946,59,21,DiffusionART,restore_pair
4w87ez9o,https://wandb.ai/vanzl3386-chinese-university-of-hong-kong-shenzhen/flow-grpo-algo/runs/4w87ez9o,23,11,1,8,23,art_guidance,42,80,True,True,True,0.0036750188703061834,0.5448873048835263,0.1824395699054416,148.26789306747943,0.3348207386561142,119.61478544882749,58,22,DiffusionART,restore_pair
4w87ez9o,https://wandb.ai/vanzl3386-chinese-university-of-hong-kong-shenzhen/flow-grpo-algo/runs/4w87ez9o,25,12,1,8,25,art_guidance,42,80,True,True,True,0.00344801188519191,0.6250367978676115,0.18963835106764956,181.27454854547958,0.30340349834541536,144.082923183933,54,26,DiffusionART,restore_pair
4w87ez9o,https://wandb.ai/vanzl3386-chinese-university-of-hong-kong-shenzhen/flow-grpo-algo/runs/4w87ez9o,27,13,1,8,27,art_guidance,42,80,True,True,True,0.004717286369275185,0.8078116622315423,0.18317765882539117,171.24499108067997,0.2267578785869114,138.29673073691868,72,8,DiffusionART,restore_pair
4w87ez9o,https://wandb.ai/vanzl3386-chinese-university-of-hong-kong-shenzhen/flow-grpo-algo/runs/4w87ez9o,29,14,1,8,29,art_guidance,42,80,True,True,True,0.0035933096069619046,0.6660859878526413,0.18097095276739536,185.36838199584147,0.27169307877323445,156.8913085897828,55,25,DiffusionART,restore_pair
4w87ez9o,https://wandb.ai/vanzl3386-chinese-university-of-hong-kong-shenzhen/flow-grpo-algo/runs/4w87ez9o,31,15,1,8,31,art_guidance,42,80,True,True,True,0.004313678316579057,0.5751992012661971,0.17162978728828807,133.3430912211266,0.29838321560682995,113.46275156783157,68,12,DiffusionART,restore_pair
4w87ez9o,https://wandb.ai/vanzl3386-chinese-university-of-hong-kong-shenzhen/flow-grpo-algo/runs/4w87ez9o,33,16,1,8,33,art_guidance,42,80,True,True,True,0.004163804827472224,0.6552267951466102,0.17707515827514117,157.36251392560766,0.2702501783913152,125.52362530502384,63,17,DiffusionART,restore_pair
4w87ez9o,https://wandb.ai/vanzl3386-chinese-university-of-hong-kong-shenzhen/flow-grpo-algo/runs/4w87ez9o,35,17,1,8,35,art_guidance,42,80,True,True,True,0.004119146314374338,0.6227433582110219,0.14544992433917164,151.18262637038936,0.23356318846500598,126.65370183419569,61,19,DiffusionART,restore_pair
4w87ez9o,https://wandb.ai/vanzl3386-chinese-university-of-hong-kong-shenzhen/flow-grpo-algo/runs/4w87ez9o,37,18,1,8,37,art_guidance,42,80,True,True,True,0.0018114888598234412,0.29929709989804526,0.13253272919483286,165.2216066772923,0.4428132756380859,143.02311272617942,31,49,DiffusionART,restore_pair
4w87ez9o,https://wandb.ai/vanzl3386-chinese-university-of-hong-kong-shenzhen/flow-grpo-algo/runs/4w87ez9o,39,19,1,8,39,art_guidance,42,80,True,True,True,0.0032029868739133173,0.4809451550777041,0.15151602113404045,150.155206377758,0.3150380444305769,125.78881332293986,53,27,DiffusionART,restore_pair
26rilzmp,https://wandb.ai/vanzl3386-chinese-university-of-hong-kong-shenzhen/flow-grpo-algo/runs/26rilzmp,1,1,0,,1,guidance,42,80,True,True,True,0.0025808971684872367,0.14404717625707802,0.03910204308604438,55.812830521066296,0.27145303436049156,,,,NFT + EMA,
26rilzmp,https://wandb.ai/vanzl3386-chinese-university-of-hong-kong-shenzhen/flow-grpo-algo/runs/26rilzmp,2,2,0,,2,guidance,42,80,True,True,True,0.00507954846289657,0.270695940193413,0.05263474535781222,53.29133921463777,0.1944423153158653,,,,NFT + EMA,
26rilzmp,https://wandb.ai/vanzl3386-chinese-university-of-hong-kong-shenzhen/flow-grpo-algo/runs/26rilzmp,3,3,0,,3,guidance,42,80,True,True,True,0.003416540769635971,0.16334115115155687,0.040051152134761084,47.80892784983822,0.245199399247526,,,,NFT + EMA,
26rilzmp,https://wandb.ai/vanzl3386-chinese-university-of-hong-kong-shenzhen/flow-grpo-algo/runs/26rilzmp,4,4,0,,4,guidance,42,80,True,True,True,0.002439559856062891,0.10546420030927536,0.023319993129569384,43.230831187507675,0.22111762153586859,,,,NFT + EMA,
26rilzmp,https://wandb.ai/vanzl3386-chinese-university-of-hong-kong-shenzhen/flow-grpo-algo/runs/26rilzmp,5,5,0,,5,guidance,42,80,True,True,True,0.0042813766333721585,0.17828512625089554,0.04092277902742446,41.642009455839926,0.2295355753336092,,,,NFT + EMA,
26rilzmp,https://wandb.ai/vanzl3386-chinese-university-of-hong-kong-shenzhen/flow-grpo-algo/runs/26rilzmp,6,6,0,,6,guidance,42,80,True,True,True,0.0032375519331584316,0.15313284249282738,0.05378952367330182,47.29896096012176,0.3512605316904588,,,,NFT + EMA,
26rilzmp,https://wandb.ai/vanzl3386-chinese-university-of-hong-kong-shenzhen/flow-grpo-algo/runs/26rilzmp,7,7,0,,7,guidance,42,80,True,True,True,0.004396683374514914,0.21463926525118357,0.06225485573326154,48.81844949202527,0.29004411499642074,,,,NFT + EMA,
26rilzmp,https://wandb.ai/vanzl3386-chinese-university-of-hong-kong-shenzhen/flow-grpo-algo/runs/26rilzmp,8,8,0,,8,guidance,42,80,True,True,True,0.0038904365489349944,0.13918423132895047,0.03155587324467676,35.775993150961966,0.22672017471646666,,,,NFT + EMA,
26rilzmp,https://wandb.ai/vanzl3386-chinese-university-of-hong-kong-shenzhen/flow-grpo-algo/runs/26rilzmp,9,9,0,,9,guidance,42,80,True,True,True,0.004540017263435809,0.16671998515273848,0.03686581352372844,36.722324052699214,0.22112414111574133,,,,NFT + EMA,
26rilzmp,https://wandb.ai/vanzl3386-chinese-university-of-hong-kong-shenzhen/flow-grpo-algo/runs/26rilzmp,10,10,0,,10,guidance,42,80,True,True,True,0.005361343439361897,0.21890605199252064,0.051267769740458616,40.830447530250865,0.23419987375319473,,,,NFT + EMA,
26rilzmp,https://wandb.ai/vanzl3386-chinese-university-of-hong-kong-shenzhen/flow-grpo-algo/runs/26rilzmp,11,11,0,,11,guidance,42,80,True,True,True,0.005129088348875395,0.2127091911370103,0.0661195598622999,41.471149777259924,0.31084486527764077,,,,NFT + EMA,
26rilzmp,https://wandb.ai/vanzl3386-chinese-university-of-hong-kong-shenzhen/flow-grpo-algo/runs/26rilzmp,12,12,0,,12,guidance,42,80,True,True,True,0.005759703707785358,0.23257063368666508,0.07058741695702798,40.37892320264682,0.3035095869073829,,,,NFT + EMA,
26rilzmp,https://wandb.ai/vanzl3386-chinese-university-of-hong-kong-shenzhen/flow-grpo-algo/runs/26rilzmp,13,13,0,,13,guidance,42,80,True,True,True,0.0033012933687231252,0.11528736725730063,0.024278659030639506,34.921878906475825,0.21059253592333246,,,,NFT + EMA,
26rilzmp,https://wandb.ai/vanzl3386-chinese-university-of-hong-kong-shenzhen/flow-grpo-algo/runs/26rilzmp,14,14,0,,14,guidance,42,80,True,True,True,0.004764056257516672,0.15096307138109538,0.028862221556198532,31.68792793806908,0.19118729694719802,,,,NFT + EMA,
26rilzmp,https://wandb.ai/vanzl3386-chinese-university-of-hong-kong-shenzhen/flow-grpo-algo/runs/26rilzmp,15,15,0,,15,guidance,42,80,True,True,True,0.002818321966300779,0.10820880848238926,0.02310230964444063,38.394764606834464,0.2134974958919401,,,,NFT + EMA,
26rilzmp,https://wandb.ai/vanzl3386-chinese-university-of-hong-kong-shenzhen/flow-grpo-algo/runs/26rilzmp,16,16,0,,16,guidance,42,80,True,True,True,0.005347778455725034,0.1934755435870073,0.04721046651319967,36.17867590978515,0.24401257977067678,,,,NFT + EMA,
26rilzmp,https://wandb.ai/vanzl3386-chinese-university-of-hong-kong-shenzhen/flow-grpo-algo/runs/26rilzmp,17,17,0,,17,guidance,42,80,True,True,True,0.0025393035001831073,0.11109107702123804,0.025757894759514864,43.748640921901355,0.23186285928788458,,,,NFT + EMA,
26rilzmp,https://wandb.ai/vanzl3386-chinese-university-of-hong-kong-shenzhen/flow-grpo-algo/runs/26rilzmp,18,18,0,,18,guidance,42,80,True,True,True,0.004544154396579104,0.1640239653628363,0.0327075871176505,36.09559690276272,0.1994073673642645,,,,NFT + EMA,
26rilzmp,https://wandb.ai/vanzl3386-chinese-university-of-hong-kong-shenzhen/flow-grpo-algo/runs/26rilzmp,1,1,0,,1,restore,42,80,True,True,True,0.0016930119732849343,0.28373962297718247,0.15281401661126015,167.5945754988639,0.5385712964859652,,,,NFT + EMA,
26rilzmp,https://wandb.ai/vanzl3386-chinese-university-of-hong-kong-shenzhen/flow-grpo-algo/runs/26rilzmp,2,2,0,,2,restore,42,80,True,True,True,0.0014402374796774428,0.33268752128900586,0.15402233345531888,230.99490603696478,0.46296396347706587,,,,NFT + EMA,
26rilzmp,https://wandb.ai/vanzl3386-chinese-university-of-hong-kong-shenzhen/flow-grpo-algo/runs/26rilzmp,3,3,0,,3,restore,42,80,True,True,True,0.001110857496337647,0.19478100655650354,0.07204303619727061,175.34292850223474,0.3698668441595296,,,,NFT + EMA,
26rilzmp,https://wandb.ai/vanzl3386-chinese-university-of-hong-kong-shenzhen/flow-grpo-algo/runs/26rilzmp,4,4,0,,4,restore,42,80,True,True,True,0.0007321995779712924,0.09723396506236362,0.03309750327346025,132.79707881254188,0.3403903487041002,,,,NFT + EMA,
26rilzmp,https://wandb.ai/vanzl3386-chinese-university-of-hong-kong-shenzhen/flow-grpo-algo/runs/26rilzmp,5,5,0,,5,restore,42,80,True,True,True,0.0009112571240990182,0.12245742335030538,0.04735180764517524,134.38295307856382,0.3866797646862064,,,,NFT + EMA,
26rilzmp,https://wandb.ai/vanzl3386-chinese-university-of-hong-kong-shenzhen/flow-grpo-algo/runs/26rilzmp,6,6,0,,6,restore,42,80,True,True,True,0.0009468347684593146,0.12331905098924514,0.050518958993341787,130.24347552203787,0.4096606208699062,,,,NFT + EMA,
26rilzmp,https://wandb.ai/vanzl3386-chinese-university-of-hong-kong-shenzhen/flow-grpo-algo/runs/26rilzmp,7,7,0,,7,restore,42,80,True,True,True,0.0007904765472750227,0.1034207598994519,0.03408679803391705,130.83343238451542,0.32959338209327643,,,,NFT + EMA,
26rilzmp,https://wandb.ai/vanzl3386-chinese-university-of-hong-kong-shenzhen/flow-grpo-algo/runs/26rilzmp,8,8,0,,8,restore,42,80,True,True,True,0.0006453209201728055,0.07203328282440763,0.017930735700942113,111.62396967561256,0.2489229283725841,,,,NFT + EMA,
26rilzmp,https://wandb.ai/vanzl3386-chinese-university-of-hong-kong-shenzhen/flow-grpo-algo/runs/26rilzmp,9,9,0,,9,restore,42,80,True,True,True,0.000632340434607434,0.06913437933183515,0.019987822924982544,109.33094824903101,0.2891155329397527,,,,NFT + EMA,
26rilzmp,https://wandb.ai/vanzl3386-chinese-university-of-hong-kong-shenzhen/flow-grpo-algo/runs/26rilzmp,10,10,0,,10,restore,42,80,True,True,True,0.0006636525473611413,0.08191977714304394,0.02718866148312209,123.43774987194537,0.3318937432611261,,,,NFT + EMA,
26rilzmp,https://wandb.ai/vanzl3386-chinese-university-of-hong-kong-shenzhen/flow-grpo-algo/runs/26rilzmp,11,11,0,,11,restore,42,80,True,True,True,0.0005352634650147068,0.055680618020842634,0.01292956119954668,104.0246937446268,0.23220936942019618,,,,NFT + EMA,
26rilzmp,https://wandb.ai/vanzl3386-chinese-university-of-hong-kong-shenzhen/flow-grpo-algo/runs/26rilzmp,12,12,0,,12,restore,42,80,True,True,True,0.0005719633607578775,0.07150116642782671,0.019832297511082144,125.01004668041044,0.27737026543617116,,,,NFT + EMA,
26rilzmp,https://wandb.ai/vanzl3386-chinese-university-of-hong-kong-shenzhen/flow-grpo-algo/runs/26rilzmp,13,13,0,,13,restore,42,80,True,True,True,0.00053545834501499,0.05450296512065746,0.012435045153153928,101.7874978101829,0.2281535532172516,,,,NFT + EMA,
26rilzmp,https://wandb.ai/vanzl3386-chinese-university-of-hong-kong-shenzhen/flow-grpo-algo/runs/26rilzmp,14,14,0,,14,restore,42,80,True,True,True,0.0005870919484983348,0.06947439503062637,0.01802329097959797,118.3364806966407,0.25942350374771556,,,,NFT + EMA,
26rilzmp,https://wandb.ai/vanzl3386-chinese-university-of-hong-kong-shenzhen/flow-grpo-algo/runs/26rilzmp,15,15,0,,15,restore,42,80,True,True,True,0.0005313358333889123,0.0498065328108991,0.013169504947134331,93.73832834354145,0.2644132045315241,,,,NFT + EMA,
26rilzmp,https://wandb.ai/vanzl3386-chinese-university-of-hong-kong-shenzhen/flow-grpo-algo/runs/26rilzmp,16,16,0,,16,restore,42,80,True,True,True,0.0005103070872030246,0.04680868098259029,0.010073623312086308,91.72649597940534,0.21520844212279822,,,,NFT + EMA,
26rilzmp,https://wandb.ai/vanzl3386-chinese-university-of-hong-kong-shenzhen/flow-grpo-algo/runs/26rilzmp,17,17,0,,17,restore,42,80,True,True,True,0.0004774229695504111,0.050772071704160496,0.01133226067326425,106.34610176375159,0.22319870536887373,,,,NFT + EMA,
26rilzmp,https://wandb.ai/vanzl3386-chinese-university-of-hong-kong-shenzhen/flow-grpo-algo/runs/26rilzmp,18,18,0,,18,restore,42,80,True,True,True,0.00045008359826384975,0.04332850893472916,0.009289538875776078,96.2676913841436,0.21439784345614124,,,,NFT + EMA,
adnxitig,https://wandb.ai/vanzl3386-chinese-university-of-hong-kong-shenzhen/flow-grpo-algo/runs/adnxitig,1,0,1,,1,guidance,42,80,True,True,True,0.004670300953208481,0.20896931695081875,0.0462942938553881,44.744293578609216,0.22153632184328542,,,,NFT: second update,
adnxitig,https://wandb.ai/vanzl3386-chinese-university-of-hong-kong-shenzhen/flow-grpo-algo/runs/adnxitig,3,1,1,,3,guidance,42,80,True,True,True,0.006744246638457333,0.3428584784522476,0.07680935804185893,50.837179722518634,0.22402642159702849,,,,NFT: second update,
adnxitig,https://wandb.ai/vanzl3386-chinese-university-of-hong-kong-shenzhen/flow-grpo-algo/runs/adnxitig,5,2,1,,5,guidance,42,80,True,True,True,0.004395061484715814,0.19257999519533223,0.03914455842728638,43.817360886769144,0.2032638872359634,,,,NFT: second update,
adnxitig,https://wandb.ai/vanzl3386-chinese-university-of-hong-kong-shenzhen/flow-grpo-algo/runs/adnxitig,7,3,1,,7,guidance,42,80,True,True,True,0.005067756523833866,0.19334857913137576,0.05813272019109246,38.15269700153303,0.3006627742094379,,,,NFT: second update,
adnxitig,https://wandb.ai/vanzl3386-chinese-university-of-hong-kong-shenzhen/flow-grpo-algo/runs/adnxitig,9,4,1,,9,guidance,42,80,True,True,True,0.004550548675708658,0.19126041980831254,0.0421688546288979,42.03018876147446,0.22047873089037923,,,,NFT: second update,
adnxitig,https://wandb.ai/vanzl3386-chinese-university-of-hong-kong-shenzhen/flow-grpo-algo/runs/adnxitig,11,5,1,,11,guidance,42,80,True,True,True,0.003611210468776602,0.19031989993822787,0.05555723440295973,52.702522210704615,0.2919150042690856,,,,NFT: second update,
adnxitig,https://wandb.ai/vanzl3386-chinese-university-of-hong-kong-shenzhen/flow-grpo-algo/runs/adnxitig,13,6,1,,13,guidance,42,80,True,True,True,0.004417238902257971,0.1479740175650885,0.02817673759847076,33.49921089607543,0.1904167911510331,,,,NFT: second update,
adnxitig,https://wandb.ai/vanzl3386-chinese-university-of-hong-kong-shenzhen/flow-grpo-algo/runs/adnxitig,15,7,1,,15,guidance,42,80,True,True,True,0.0031409549740933213,0.13563590978798004,0.03889382665478823,43.18301628221626,0.28675169219998825,,,,NFT: second update,
adnxitig,https://wandb.ai/vanzl3386-chinese-university-of-hong-kong-shenzhen/flow-grpo-algo/runs/adnxitig,17,8,1,,17,guidance,42,80,True,True,True,0.0038563218060567858,0.14825123265476345,0.02950364486488506,38.44368808171514,0.1990111268321861,,,,NFT: second update,
adnxitig,https://wandb.ai/vanzl3386-chinese-university-of-hong-kong-shenzhen/flow-grpo-algo/runs/adnxitig,19,9,1,,19,guidance,42,80,True,True,True,0.004448731701903184,0.20082821632404188,0.045270178020934235,45.1428024392046,0.22541741817738176,,,,NFT: second update,
adnxitig,https://wandb.ai/vanzl3386-chinese-university-of-hong-kong-shenzhen/flow-grpo-algo/runs/adnxitig,21,10,1,,21,guidance,42,80,True,True,True,0.005055952526790092,0.23802327781430993,0.069150023784478,47.07783084455214,0.29051790404476446,,,,NFT: second update,
adnxitig,https://wandb.ai/vanzl3386-chinese-university-of-hong-kong-shenzhen/flow-grpo-algo/runs/adnxitig,23,11,1,,23,guidance,42,80,True,True,True,0.00393222203334778,0.1785047573534742,0.04294958805261821,45.395391165513715,0.2406075260367972,,,,NFT: second update,
adnxitig,https://wandb.ai/vanzl3386-chinese-university-of-hong-kong-shenzhen/flow-grpo-algo/runs/adnxitig,25,12,1,,25,guidance,42,80,True,True,True,0.005429005508317302,0.2517958464025095,0.044037272377386805,46.37973677071339,0.17489276732147044,,,,NFT: second update,
adnxitig,https://wandb.ai/vanzl3386-chinese-university-of-hong-kong-shenzhen/flow-grpo-algo/runs/adnxitig,27,13,1,,27,guidance,42,80,True,True,True,0.005813754663181198,0.26988831437395544,0.0959825048054048,46.42237762167223,0.35563786830878524,,,,NFT: second update,
adnxitig,https://wandb.ai/vanzl3386-chinese-university-of-hong-kong-shenzhen/flow-grpo-algo/runs/adnxitig,29,14,1,,29,guidance,42,80,True,True,True,0.004439492956505928,0.17912575498581523,0.03403700136191819,40.348246239091885,0.19001735046204574,,,,NFT: second update,
adnxitig,https://wandb.ai/vanzl3386-chinese-university-of-hong-kong-shenzhen/flow-grpo-algo/runs/adnxitig,31,15,1,,31,guidance,42,80,True,True,True,0.003404726972847301,0.1393161757738719,0.02914367597689329,40.918457451924475,0.2091908984366412,,,,NFT: second update,
adnxitig,https://wandb.ai/vanzl3386-chinese-university-of-hong-kong-shenzhen/flow-grpo-algo/runs/adnxitig,33,16,1,,33,guidance,42,80,True,True,True,0.004268094687991952,0.23781606104292421,0.058834822754013485,55.71949041149592,0.24739633856518292,,,,NFT: second update,
adnxitig,https://wandb.ai/vanzl3386-chinese-university-of-hong-kong-shenzhen/flow-grpo-algo/runs/adnxitig,35,17,1,,35,guidance,42,80,True,True,True,0.0054135628096638,0.3053594397562221,0.10370824405759889,56.406372382180955,0.33962678258904455,,,,NFT: second update,
adnxitig,https://wandb.ai/vanzl3386-chinese-university-of-hong-kong-shenzhen/flow-grpo-algo/runs/adnxitig,37,18,1,,37,guidance,42,80,True,True,True,0.003652212387933561,0.15082270354457739,0.030007129406064044,41.2962575897492,0.19895631560002563,,,,NFT: second update,
adnxitig,https://wandb.ai/vanzl3386-chinese-university-of-hong-kong-shenzhen/flow-grpo-algo/runs/adnxitig,39,19,1,,39,guidance,42,80,True,True,True,0.005613736491149617,0.27625076226262535,0.06523922100891795,49.20978437412422,0.23615942441055238,,,,NFT: second update,
adnxitig,https://wandb.ai/vanzl3386-chinese-university-of-hong-kong-shenzhen/flow-grpo-algo/runs/adnxitig,1,0,1,,1,restore,42,80,True,True,True,0.002051329962826097,0.4280619382896661,0.2594081672034999,208.67532091225803,0.6060061500444837,,,,NFT: second update,
adnxitig,https://wandb.ai/vanzl3386-chinese-university-of-hong-kong-shenzhen/flow-grpo-algo/runs/adnxitig,3,1,1,,3,restore,42,80,True,True,True,0.0017320407521784161,0.4191437486768484,0.1841856111015444,241.99416102056745,0.4394330386245314,,,,NFT: second update,
adnxitig,https://wandb.ai/vanzl3386-chinese-university-of-hong-kong-shenzhen/flow-grpo-algo/runs/adnxitig,5,2,1,,5,restore,42,80,True,True,True,0.0011645591866146132,0.21444461379713528,0.07577778700195971,184.14230574276624,0.3533676395978196,,,,NFT: second update,
adnxitig,https://wandb.ai/vanzl3386-chinese-university-of-hong-kong-shenzhen/flow-grpo-algo/runs/adnxitig,7,3,1,,7,restore,42,80,True,True,True,0.0004414264175548995,0.04359077847994525,0.018537483444914106,98.74981819483862,0.42526158264052616,,,,NFT: second update,
adnxitig,https://wandb.ai/vanzl3386-chinese-university-of-hong-kong-shenzhen/flow-grpo-algo/runs/adnxitig,9,4,1,,9,restore,42,80,True,True,True,0.00040644674108940466,0.02849227688819229,0.007096825716354972,70.10088655606897,0.24907892564023282,,,,NFT: second update,
adnxitig,https://wandb.ai/vanzl3386-chinese-university-of-hong-kong-shenzhen/flow-grpo-algo/runs/adnxitig,11,5,1,,11,restore,42,80,True,True,True,0.00038306611488106467,0.028641220531972905,0.005581687758060665,74.76834786304579,0.19488302713320782,,,,NFT: second update,
adnxitig,https://wandb.ai/vanzl3386-chinese-university-of-hong-kong-shenzhen/flow-grpo-algo/runs/adnxitig,13,6,1,,13,restore,42,80,True,True,True,0.0003419075481958923,0.023332102388834656,0.004749328788273442,68.2409689752353,0.2035534007662415,,,,NFT: second update,
adnxitig,https://wandb.ai/vanzl3386-chinese-university-of-hong-kong-shenzhen/flow-grpo-algo/runs/adnxitig,15,7,1,,15,restore,42,80,True,True,True,0.0003557815696977018,0.024409792054624596,0.004853032191553667,68.60892787494572,0.19881497477297141,,,,NFT: second update,
adnxitig,https://wandb.ai/vanzl3386-chinese-university-of-hong-kong-shenzhen/flow-grpo-algo/runs/adnxitig,17,8,1,,17,restore,42,80,True,True,True,0.00033829418912968717,0.021376623326776693,0.003970586398893401,63.18944875101545,0.18574432164502716,,,,NFT: second update,
adnxitig,https://wandb.ai/vanzl3386-chinese-university-of-hong-kong-shenzhen/flow-grpo-algo/runs/adnxitig,19,9,1,,19,restore,42,80,True,True,True,0.0003493651927779415,0.03416075367809921,0.008463102082466558,97.77949945864235,0.24774342399513083,,,,NFT: second update,
adnxitig,https://wandb.ai/vanzl3386-chinese-university-of-hong-kong-shenzhen/flow-grpo-algo/runs/adnxitig,21,10,1,,21,restore,42,80,True,True,True,0.00034098975171243827,0.023825278166672546,0.005477932727716034,69.87095080430674,0.22992103972069114,,,,NFT: second update,
adnxitig,https://wandb.ai/vanzl3386-chinese-university-of-hong-kong-shenzhen/flow-grpo-algo/runs/adnxitig,23,11,1,,23,restore,42,80,True,True,True,0.000362244887351508,0.024915262302375594,0.004734833974894838,68.78016273615152,0.19003749257913238,,,,NFT: second update,
adnxitig,https://wandb.ai/vanzl3386-chinese-university-of-hong-kong-shenzhen/flow-grpo-algo/runs/adnxitig,25,12,1,,25,restore,42,80,True,True,True,0.00039253425146453723,0.029009164727402233,0.00648265580475207,73.90225087153448,0.223469233453265,,,,NFT: second update,
adnxitig,https://wandb.ai/vanzl3386-chinese-university-of-hong-kong-shenzhen/flow-grpo-algo/runs/adnxitig,27,13,1,,27,restore,42,80,True,True,True,0.00034150732572129294,0.024358622311632883,0.006451074601189081,71.32679294707769,0.26483741644568537,,,,NFT: second update,
adnxitig,https://wandb.ai/vanzl3386-chinese-university-of-hong-kong-shenzhen/flow-grpo-algo/runs/adnxitig,29,14,1,,29,restore,42,80,True,True,True,0.0003552525911772724,0.02736977769890885,0.005120776146761376,77.04314726659157,0.18709600797983558,,,,NFT: second update,
adnxitig,https://wandb.ai/vanzl3386-chinese-university-of-hong-kong-shenzhen/flow-grpo-algo/runs/adnxitig,31,15,1,,31,restore,42,80,True,True,True,0.00035902780782630736,0.026878627188955728,0.00500693623454718,74.86502884467164,0.18627946283672187,,,,NFT: second update,
adnxitig,https://wandb.ai/vanzl3386-chinese-university-of-hong-kong-shenzhen/flow-grpo-algo/runs/adnxitig,33,16,1,,33,restore,42,80,True,True,True,0.00039634059930286354,0.032319784087808195,0.00723469673508202,81.54547917790033,0.22384731022417698,,,,NFT: second update,
adnxitig,https://wandb.ai/vanzl3386-chinese-university-of-hong-kong-shenzhen/flow-grpo-algo/runs/adnxitig,35,17,1,,35,restore,42,80,True,True,True,0.0004497877124346123,0.04577244891785707,0.020340919505749802,101.76456059704215,0.4443922050632135,,,,NFT: second update,
adnxitig,https://wandb.ai/vanzl3386-chinese-university-of-hong-kong-shenzhen/flow-grpo-algo/runs/adnxitig,37,18,1,,37,restore,42,80,True,True,True,0.0003803983134227465,0.03144248178821216,0.012813537264698152,82.65673290004656,0.4075230877450002,,,,NFT: second update,
adnxitig,https://wandb.ai/vanzl3386-chinese-university-of-hong-kong-shenzhen/flow-grpo-algo/runs/adnxitig,39,19,1,,39,restore,42,80,True,True,True,0.00040355828850833993,0.0334442761888933,0.008601005055751936,82.87347117193987,0.2571742024606379,,,,NFT: second update,
75pf0fok,https://wandb.ai/vanzl3386-chinese-university-of-hong-kong-shenzhen/flow-grpo-algo/runs/75pf0fok,1,0,1,,1,guidance,42,24,True,True,True,0.00018279716222130362,0.0005881840617440807,0.00019510401301873063,3.2176870504805484,0.3317057120524638,,,,Fast (partial),
75pf0fok,https://wandb.ai/vanzl3386-chinese-university-of-hong-kong-shenzhen/flow-grpo-algo/runs/75pf0fok,2,1,0,,2,guidance,42,24,True,True,True,0.0005666561331755379,0.0016600634695653977,0.00042680158729449703,2.929578226326451,0.25709955981757315,,,,Fast (partial),
75pf0fok,https://wandb.ai/vanzl3386-chinese-university-of-hong-kong-shenzhen/flow-grpo-algo/runs/75pf0fok,3,1,1,,3,guidance,42,24,True,True,True,0.0003373870154898624,0.001188957557631652,0.0003908033350439547,3.5240169391384804,0.32869410058876847,,,,Fast (partial),
75pf0fok,https://wandb.ai/vanzl3386-chinese-university-of-hong-kong-shenzhen/flow-grpo-algo/runs/75pf0fok,4,2,0,,4,guidance,42,24,True,True,True,0.00022656924242503974,0.0006348602625930863,0.00031512059584879636,2.802058460354032,0.4963621357583266,,,,Fast (partial),
75pf0fok,https://wandb.ai/vanzl3386-chinese-university-of-hong-kong-shenzhen/flow-grpo-algo/runs/75pf0fok,5,2,1,,5,guidance,42,24,True,True,True,0.0004220060325473207,0.0010605090607586339,0.0002916816698676625,2.513018722403491,0.27503930014422356,,,,Fast (partial),
75pf0fok,https://wandb.ai/vanzl3386-chinese-university-of-hong-kong-shenzhen/flow-grpo-algo/runs/75pf0fok,6,3,0,,6,guidance,42,24,True,True,True,0.0005424060835452361,0.0016876573035213389,0.0003617298557716282,3.1114276825410827,0.21433845308337768,,,,Fast (partial),
75pf0fok,https://wandb.ai/vanzl3386-chinese-university-of-hong-kong-shenzhen/flow-grpo-algo/runs/75pf0fok,7,3,1,,7,guidance,42,24,True,True,True,0.0002254726140632733,0.0006986615194132854,0.00023555817865709224,3.0986535651607934,0.33715636558158635,,,,Fast (partial),
75pf0fok,https://wandb.ai/vanzl3386-chinese-university-of-hong-kong-shenzhen/flow-grpo-algo/runs/75pf0fok,8,4,0,,8,guidance,42,24,True,True,True,0.0005575603146677242,0.002310466243305848,0.0006985386771384559,4.143885751055939,0.3023366730253444,,,,Fast (partial),
75pf0fok,https://wandb.ai/vanzl3386-chinese-university-of-hong-kong-shenzhen/flow-grpo-algo/runs/75pf0fok,9,4,1,,9,guidance,42,24,True,True,True,0.00017798540732398335,0.00046458789761571096,0.00012407082562210684,2.610258361069066,0.2670556556872116,,,,Fast (partial),
75pf0fok,https://wandb.ai/vanzl3386-chinese-university-of-hong-kong-shenzhen/flow-grpo-algo/runs/75pf0fok,10,5,0,,10,guidance,42,24,True,True,True,0.000677562600103042,0.0020591722115149472,0.0005555423962017696,3.039087770195394,0.2697891866912157,,,,Fast (partial),
75pf0fok,https://wandb.ai/vanzl3386-chinese-university-of-hong-kong-shenzhen/flow-grpo-algo/runs/75pf0fok,11,5,1,,11,guidance,42,24,True,True,True,0.0002519405775429702,0.0008642151453119437,0.00024441970472941974,3.4302340406620124,0.282822750857016,,,,Fast (partial),
75pf0fok,https://wandb.ai/vanzl3386-chinese-university-of-hong-kong-shenzhen/flow-grpo-algo/runs/75pf0fok,12,6,0,,12,guidance,42,24,True,True,True,0.0004482223535639085,0.0013208973378148348,0.0003560002571135416,2.9469689035187723,0.269513948527199,,,,Fast (partial),
75pf0fok,https://wandb.ai/vanzl3386-chinese-university-of-hong-kong-shenzhen/flow-grpo-algo/runs/75pf0fok,13,6,1,,13,guidance,42,24,True,True,True,0.0003301864618449446,0.0010567373995616833,0.0003237265150708986,3.2004261884544696,0.30634528048801424,,,,Fast (partial),
75pf0fok,https://wandb.ai/vanzl3386-chinese-university-of-hong-kong-shenzhen/flow-grpo-algo/runs/75pf0fok,14,7,0,,14,guidance,42,24,True,True,True,0.0003700022556238755,0.0010772118877796567,0.00027494075631641243,2.911365731982706,0.2552336819111037,,,,Fast (partial),
75pf0fok,https://wandb.ai/vanzl3386-chinese-university-of-hong-kong-shenzhen/flow-grpo-algo/runs/75pf0fok,15,7,1,,15,guidance,42,24,True,True,True,0.00026212729616639183,0.0008531827907028987,0.00028442800731255495,3.254841457492926,0.33337288376178753,,,,Fast (partial),
75pf0fok,https://wandb.ai/vanzl3386-chinese-university-of-hong-kong-shenzhen/flow-grpo-algo/runs/75pf0fok,16,8,0,,16,guidance,42,24,True,True,True,0.00038602740137414957,0.001590634631532756,0.00046946858501059423,4.120522599873848,0.2951454568534122,,,,Fast (partial),
75pf0fok,https://wandb.ai/vanzl3386-chinese-university-of-hong-kong-shenzhen/flow-grpo-algo/runs/75pf0fok,17,8,1,,17,guidance,42,24,True,True,True,0.00043211906952502036,0.001296484602175821,0.0003395013950988693,3.000294811337301,0.2618630368066865,,,,Fast (partial),
75pf0fok,https://wandb.ai/vanzl3386-chinese-university-of-hong-kong-shenzhen/flow-grpo-algo/runs/75pf0fok,18,9,0,,18,guidance,42,24,True,True,True,0.000436609604270339,0.001601384021504149,0.0004157006976020047,3.66777094649665,0.2595883885562597,,,,Fast (partial),
75pf0fok,https://wandb.ai/vanzl3386-chinese-university-of-hong-kong-shenzhen/flow-grpo-algo/runs/75pf0fok,19,9,1,,19,guidance,42,24,True,True,True,0.0002603720023634037,0.0009435160511753488,0.0002831821116549696,3.623723144620113,0.3001349169441329,,,,Fast (partial),
75pf0fok,https://wandb.ai/vanzl3386-chinese-university-of-hong-kong-shenzhen/flow-grpo-algo/runs/75pf0fok,20,10,0,,20,guidance,42,24,True,True,True,0.00048014932066284586,0.0017485324556642153,0.0005634075765683996,3.641643089800413,0.3222173970767834,,,,Fast (partial),
75pf0fok,https://wandb.ai/vanzl3386-chinese-university-of-hong-kong-shenzhen/flow-grpo-algo/runs/75pf0fok,21,10,1,,21,guidance,42,24,True,True,True,0.000587797155474628,0.0021830256453088917,0.0006091261624027194,3.7139098496422056,0.279028404321164,,,,Fast (partial),
75pf0fok,https://wandb.ai/vanzl3386-chinese-university-of-hong-kong-shenzhen/flow-grpo-algo/runs/75pf0fok,22,11,0,,22,guidance,42,24,True,True,True,0.00038227226095997364,0.0014229334663482596,0.0003697288029914829,3.722303739159483,0.25983562249072345,,,,Fast (partial),
75pf0fok,https://wandb.ai/vanzl3386-chinese-university-of-hong-kong-shenzhen/flow-grpo-algo/runs/75pf0fok,23,11,1,,23,guidance,42,24,True,True,True,0.00023359635654166902,0.0006699662616200046,0.00016264117086193237,2.868050989915571,0.24276024059578713,,,,Fast (partial),
75pf0fok,https://wandb.ai/vanzl3386-chinese-university-of-hong-kong-shenzhen/flow-grpo-algo/runs/75pf0fok,24,12,0,,24,guidance,42,24,True,True,True,0.0004706698650484952,0.0018973066162553546,0.0005398681837648437,4.031077315858891,0.28454451122421215,,,,Fast (partial),
75pf0fok,https://wandb.ai/vanzl3386-chinese-university-of-hong-kong-shenzhen/flow-grpo-algo/runs/75pf0fok,25,12,1,,25,guidance,42,24,True,True,True,0.0003760270713940496,0.0013802918681061658,0.00040926272594273466,3.670724724656109,0.2965044824210006,,,,Fast (partial),
75pf0fok,https://wandb.ai/vanzl3386-chinese-university-of-hong-kong-shenzhen/flow-grpo-algo/runs/75pf0fok,26,13,0,,26,guidance,42,24,True,True,True,0.0004947510958673965,0.002153063518334664,0.0005849456469950511,4.351811519608497,0.2716806271686265,,,,Fast (partial),
75pf0fok,https://wandb.ai/vanzl3386-chinese-university-of-hong-kong-shenzhen/flow-grpo-algo/runs/75pf0fok,27,13,1,,27,guidance,42,24,True,True,True,0.0003377295706538219,0.0011982163550732312,0.00032227046654395396,3.54785739594423,0.26895849416465173,,,,Fast (partial),
75pf0fok,https://wandb.ai/vanzl3386-chinese-university-of-hong-kong-shenzhen/flow-grpo-algo/runs/75pf0fok,28,14,0,,28,guidance,42,24,True,True,True,0.0003642932759040434,0.0012172371967793365,0.00036103667843611617,3.3413660841216366,0.29660338953769727,,,,Fast (partial),
75pf0fok,https://wandb.ai/vanzl3386-chinese-university-of-hong-kong-shenzhen/flow-grpo-algo/runs/75pf0fok,29,14,1,,29,guidance,42,24,True,True,True,0.0003538473102171597,0.001753934433435876,0.0005322112037863248,4.956755026227184,0.30343848301315796,,,,Fast (partial),
75pf0fok,https://wandb.ai/vanzl3386-chinese-university-of-hong-kong-shenzhen/flow-grpo-algo/runs/75pf0fok,30,15,0,,30,guidance,42,24,True,True,True,0.00038706282633138513,0.0013564489700511086,0.00033823178308521346,3.5044671763177284,0.24935090855092729,,,,Fast (partial),
75pf0fok,https://wandb.ai/vanzl3386-chinese-university-of-hong-kong-shenzhen/flow-grpo-algo/runs/75pf0fok,31,15,1,,31,guidance,42,24,True,True,True,0.0003551919822727867,0.0012860890787251649,0.00031384604759260526,3.620828011082331,0.2440313449389563,,,,Fast (partial),
75pf0fok,https://wandb.ai/vanzl3386-chinese-university-of-hong-kong-shenzhen/flow-grpo-algo/runs/75pf0fok,32,16,0,,32,guidance,42,24,True,True,True,0.00032546806274439956,0.001320446088560023,0.00036221585270038934,4.0570680804310175,0.27431324598446427,,,,Fast (partial),
75pf0fok,https://wandb.ai/vanzl3386-chinese-university-of-hong-kong-shenzhen/flow-grpo-algo/runs/75pf0fok,1,0,1,,1,reference_mse,42,24,True,True,True,0.00014052219664850357,0.023773708748683453,0.011790091351800647,169.18116365736887,0.49592983057191536,,,,Fast (partial),
75pf0fok,https://wandb.ai/vanzl3386-chinese-university-of-hong-kong-shenzhen/flow-grpo-algo/runs/75pf0fok,2,1,0,,2,reference_mse,42,24,True,True,True,0.00018225832040456513,0.03293054121459978,0.01556507900209819,180.68059192854798,0.47266392922802614,,,,Fast (partial),
75pf0fok,https://wandb.ai/vanzl3386-chinese-university-of-hong-kong-shenzhen/flow-grpo-algo/runs/75pf0fok,3,1,1,,3,reference_mse,42,24,True,True,True,0.00027291016855361926,0.0545926160357966,0.031721825984182724,200.0387758548127,0.5810644055485927,,,,Fast (partial),
75pf0fok,https://wandb.ai/vanzl3386-chinese-university-of-hong-kong-shenzhen/flow-grpo-algo/runs/75pf0fok,4,2,0,,4,reference_mse,42,24,True,True,True,0.0002806698961678529,0.059991863389213175,0.03533288124212359,213.7452723228123,0.5889612231727513,,,,Fast (partial),
75pf0fok,https://wandb.ai/vanzl3386-chinese-university-of-hong-kong-shenzhen/flow-grpo-algo/runs/75pf0fok,5,2,1,,5,reference_mse,42,24,True,True,True,0.0003190545861516317,0.06526913185948569,0.035176918349248944,204.57042365931176,0.5389518344595021,,,,Fast (partial),
75pf0fok,https://wandb.ai/vanzl3386-chinese-university-of-hong-kong-shenzhen/flow-grpo-algo/runs/75pf0fok,6,3,0,,6,reference_mse,42,24,True,True,True,0.0003418230036464772,0.06901647555151962,0.02866937651257015,201.90705369524622,0.41539902296472603,,,,Fast (partial),
75pf0fok,https://wandb.ai/vanzl3386-chinese-university-of-hong-kong-shenzhen/flow-grpo-algo/runs/75pf0fok,7,3,1,,7,reference_mse,42,24,True,True,True,0.0003440922850535256,0.053550882815322,0.025148945189034374,155.6294201917135,0.4696270886096158,,,,Fast (partial),
75pf0fok,https://wandb.ai/vanzl3386-chinese-university-of-hong-kong-shenzhen/flow-grpo-algo/runs/75pf0fok,8,4,0,,8,reference_mse,42,24,True,True,True,0.0004761352234572268,0.10715751918649287,0.03955946574154666,225.0569038106866,0.36917116075353396,,,,Fast (partial),
75pf0fok,https://wandb.ai/vanzl3386-chinese-university-of-hong-kong-shenzhen/flow-grpo-algo/runs/75pf0fok,9,4,1,,9,reference_mse,42,24,True,True,True,0.00037713867755244536,0.053849612397631676,0.028332779928520648,142.78464555029174,0.526146404161801,,,,Fast (partial),
75pf0fok,https://wandb.ai/vanzl3386-chinese-university-of-hong-kong-shenzhen/flow-grpo-algo/runs/75pf0fok,10,5,0,,10,reference_mse,42,24,True,True,True,0.0004371552726043755,0.10965148285281452,0.04510290666096899,250.82960157282344,0.4113296554457977,,,,Fast (partial),
75pf0fok,https://wandb.ai/vanzl3386-chinese-university-of-hong-kong-shenzhen/flow-grpo-algo/runs/75pf0fok,11,5,1,,11,reference_mse,42,24,True,True,True,0.0005447475813981924,0.1355185475042427,0.05623230836956159,248.77310543795352,0.41494178771212936,,,,Fast (partial),
75pf0fok,https://wandb.ai/vanzl3386-chinese-university-of-hong-kong-shenzhen/flow-grpo-algo/runs/75pf0fok,12,6,0,,12,reference_mse,42,24,True,True,True,0.0005672939276621538,0.10329663749049589,0.045542405747014736,182.08662644457772,0.44088952799847914,,,,Fast (partial),
75pf0fok,https://wandb.ai/vanzl3386-chinese-university-of-hong-kong-shenzhen/flow-grpo-algo/runs/75pf0fok,13,6,1,,13,reference_mse,42,24,True,True,True,0.000682744773750112,0.1940733536157677,0.1248546633533497,284.25461618663303,0.6433374856835872,,,,Fast (partial),
75pf0fok,https://wandb.ai/vanzl3386-chinese-university-of-hong-kong-shenzhen/flow-grpo-algo/runs/75pf0fok,14,7,0,,14,reference_mse,42,24,True,True,True,0.0005777296927262675,0.11477747984737706,0.05376480103398847,198.66986463124277,0.4684263943195223,,,,Fast (partial),
75pf0fok,https://wandb.ai/vanzl3386-chinese-university-of-hong-kong-shenzhen/flow-grpo-algo/runs/75pf0fok,15,7,1,,15,reference_mse,42,24,True,True,True,0.0006289636859737398,0.14292482288162406,0.06627636739117704,227.23859273425745,0.4637148820962313,,,,Fast (partial),
75pf0fok,https://wandb.ai/vanzl3386-chinese-university-of-hong-kong-shenzhen/flow-grpo-algo/runs/75pf0fok,16,8,0,,16,reference_mse,42,24,True,True,True,0.0007639865916012727,0.2847080372297072,0.12903581873649106,372.6610392899374,0.4532215528302167,,,,Fast (partial),
75pf0fok,https://wandb.ai/vanzl3386-chinese-university-of-hong-kong-shenzhen/flow-grpo-algo/runs/75pf0fok,17,8,1,,17,reference_mse,42,24,True,True,True,0.0007561544208954249,0.16628261610407177,0.0710091590677054,219.9056323801728,0.42703898177343264,,,,Fast (partial),
75pf0fok,https://wandb.ai/vanzl3386-chinese-university-of-hong-kong-shenzhen/flow-grpo-algo/runs/75pf0fok,18,9,0,,18,reference_mse,42,24,True,True,True,0.0008677995356944163,0.20209063483499254,0.09238390241214717,232.87709490796038,0.45714093821110924,,,,Fast (partial),
75pf0fok,https://wandb.ai/vanzl3386-chinese-university-of-hong-kong-shenzhen/flow-grpo-algo/runs/75pf0fok,19,9,1,,19,reference_mse,42,24,True,True,True,0.0008497092098843961,0.17771992337237866,0.08296458393006588,209.15381557010267,0.46682770482760794,,,,Fast (partial),
75pf0fok,https://wandb.ai/vanzl3386-chinese-university-of-hong-kong-shenzhen/flow-grpo-algo/runs/75pf0fok,20,10,0,,20,reference_mse,42,24,True,True,True,0.0007462455263603299,0.1271155824569684,0.05496410328151131,170.34016013060796,0.4323946932321845,,,,Fast (partial),
75pf0fok,https://wandb.ai/vanzl3386-chinese-university-of-hong-kong-shenzhen/flow-grpo-algo/runs/75pf0fok,21,10,1,,21,reference_mse,42,24,True,True,True,0.0007151011010684436,0.123285485240501,0.05402019608750982,172.40287430168718,0.43817158185433686,,,,Fast (partial),
75pf0fok,https://wandb.ai/vanzl3386-chinese-university-of-hong-kong-shenzhen/flow-grpo-algo/runs/75pf0fok,22,11,0,,22,reference_mse,42,24,True,True,True,0.0008698910100671649,0.23115730320908265,0.10734303902271038,265.7313393677155,0.4643722587714142,,,,Fast (partial),
75pf0fok,https://wandb.ai/vanzl3386-chinese-university-of-hong-kong-shenzhen/flow-grpo-algo/runs/75pf0fok,23,11,1,,23,reference_mse,42,24,True,True,True,0.0007939809957014564,0.14821886969499123,0.06622153065718378,186.67810753334805,0.44678205139100186,,,,Fast (partial),
75pf0fok,https://wandb.ai/vanzl3386-chinese-university-of-hong-kong-shenzhen/flow-grpo-algo/runs/75pf0fok,24,12,0,,24,reference_mse,42,24,True,True,True,0.0008364450993101617,0.1664073924776071,0.07086388905232598,198.945982963912,0.4258457992595605,,,,Fast (partial),
75pf0fok,https://wandb.ai/vanzl3386-chinese-university-of-hong-kong-shenzhen/flow-grpo-algo/runs/75pf0fok,25,12,1,,25,reference_mse,42,24,True,True,True,0.0008841893300920359,0.20353229769421502,0.08966850457577762,230.190854794673,0.4405615501402864,,,,Fast (partial),
75pf0fok,https://wandb.ai/vanzl3386-chinese-university-of-hong-kong-shenzhen/flow-grpo-algo/runs/75pf0fok,26,13,0,,26,reference_mse,42,24,True,True,True,0.0009876574727844367,0.2457670671721007,0.09899512881755984,248.83836142020579,0.4028006272632027,,,,Fast (partial),
75pf0fok,https://wandb.ai/vanzl3386-chinese-university-of-hong-kong-shenzhen/flow-grpo-algo/runs/75pf0fok,27,13,1,,27,reference_mse,42,24,True,True,True,0.0010636751391585363,0.20653287940646392,0.0999656164242589,194.16913285183125,0.4840179283392601,,,,Fast (partial),
75pf0fok,https://wandb.ai/vanzl3386-chinese-university-of-hong-kong-shenzhen/flow-grpo-algo/runs/75pf0fok,28,14,0,,28,reference_mse,42,24,True,True,True,0.0010840444685163936,0.20437797094693957,0.10245334091863718,188.53282949420708,0.5012934634977663,,,,Fast (partial),
75pf0fok,https://wandb.ai/vanzl3386-chinese-university-of-hong-kong-shenzhen/flow-grpo-algo/runs/75pf0fok,29,14,1,,29,reference_mse,42,24,True,True,True,0.0012801258583997714,0.3434687005537071,0.1546269303199667,268.3085403673214,0.4501922011254361,,,,Fast (partial),
75pf0fok,https://wandb.ai/vanzl3386-chinese-university-of-hong-kong-shenzhen/flow-grpo-algo/runs/75pf0fok,30,15,0,,30,reference_mse,42,24,True,True,True,0.0009566115623046825,0.16922850242220303,0.07861662591877767,176.90409471373653,0.4645590121848355,,,,Fast (partial),
75pf0fok,https://wandb.ai/vanzl3386-chinese-university-of-hong-kong-shenzhen/flow-grpo-algo/runs/75pf0fok,31,15,1,,31,reference_mse,42,24,True,True,True,0.0011134751970378358,0.20728458636167793,0.0999870281798579,186.1600392295352,0.482365958486642,,,,Fast (partial),
75pf0fok,https://wandb.ai/vanzl3386-chinese-university-of-hong-kong-shenzhen/flow-grpo-algo/runs/75pf0fok,32,16,0,,32,reference_mse,42,24,True,True,True,0.0012692340126135668,0.3063405885946547,0.13039943100081583,241.35863485398392,0.42566814798857233,,,,Fast (partial),
