run,source_url,logged_step,rollout,window,microbatch,optimizer_step,component,training_seed,sample_count,valid,gain_valid,retention_valid,F,P,A,gain,retention,equal_state_gain,equal_state_valid_count,zero_force_count,method,train_ocr
2xi0cj0u,https://wandb.ai/vanzl3386-chinese-university-of-hong-kong-shenzhen/flow-grpo-algo/runs/2xi0cj0u,0,0,0,,0,guidance,42,80,True,True,True,0.0044308426276640275,0.271682315776572,0.07189991728138442,61.31617360551685,0.26464702745140756,44.23129213900383,80,0,NFT,
2xi0cj0u,https://wandb.ai/vanzl3386-chinese-university-of-hong-kong-shenzhen/flow-grpo-algo/runs/2xi0cj0u,1,1,0,,1,guidance,42,80,True,True,True,0.0036942993464079968,0.20911372884309248,0.03936815374991346,56.60443543818825,0.18826192793612884,41.76590198503744,70,10,NFT,
2xi0cj0u,https://wandb.ai/vanzl3386-chinese-university-of-hong-kong-shenzhen/flow-grpo-algo/runs/2xi0cj0u,2,2,0,,2,guidance,42,80,True,True,True,0.004311653425322885,0.28336821900602777,0.05315495320052517,65.72147411982847,0.18758262089862118,51.26598306805695,80,0,NFT,
2xi0cj0u,https://wandb.ai/vanzl3386-chinese-university-of-hong-kong-shenzhen/flow-grpo-algo/runs/2xi0cj0u,3,3,0,,3,guidance,42,80,True,True,True,0.006959339795673304,0.48981117613851044,0.10447902974702497,70.38184519213033,0.213304707684906,53.654996939701604,80,0,NFT,
2xi0cj0u,https://wandb.ai/vanzl3386-chinese-university-of-hong-kong-shenzhen/flow-grpo-algo/runs/2xi0cj0u,4,4,0,,4,guidance,42,80,True,True,True,0.0033479205649847702,0.27215319388450276,0.06951781322921965,81.29021839134967,0.2554363306819094,60.93560600411702,80,0,NFT,
2xi0cj0u,https://wandb.ai/vanzl3386-chinese-university-of-hong-kong-shenzhen/flow-grpo-algo/runs/2xi0cj0u,5,5,0,,5,guidance,42,80,True,True,True,0.003198144822599809,0.2828480681084839,0.05770098662240636,88.4412944997761,0.20399993186545523,71.11881209170454,70,10,NFT,
2xi0cj0u,https://wandb.ai/vanzl3386-chinese-university-of-hong-kong-shenzhen/flow-grpo-algo/runs/2xi0cj0u,6,6,0,,6,guidance,42,80,True,True,True,0.006702400867441996,0.6657652075304442,0.15742907709300252,99.33234682582285,0.23646335872215668,78.43863949177721,80,0,NFT,
2xi0cj0u,https://wandb.ai/vanzl3386-chinese-university-of-hong-kong-shenzhen/flow-grpo-algo/runs/2xi0cj0u,7,7,0,,7,guidance,42,80,True,True,True,0.00439798582873685,0.5324158578779403,0.1421424392238759,121.0590207906277,0.2669763439999996,97.495243952205,80,0,NFT,
2xi0cj0u,https://wandb.ai/vanzl3386-chinese-university-of-hong-kong-shenzhen/flow-grpo-algo/runs/2xi0cj0u,8,8,0,,8,guidance,42,80,True,True,True,0.004805018752694108,0.7016226512359385,0.1507585458326273,146.01871238120523,0.21487126387248134,114.95738245546438,80,0,NFT,
2xi0cj0u,https://wandb.ai/vanzl3386-chinese-university-of-hong-kong-shenzhen/flow-grpo-algo/runs/2xi0cj0u,9,9,0,,9,guidance,42,80,True,True,True,0.0054562135417273614,0.9111231979521012,0.25775120355959,166.98818530178937,0.2828939095601211,138.2733201015814,80,0,NFT,
2xi0cj0u,https://wandb.ai/vanzl3386-chinese-university-of-hong-kong-shenzhen/flow-grpo-algo/runs/2xi0cj0u,10,10,0,,10,guidance,42,80,True,True,True,0.0031245442192749107,0.509822686930008,0.09210608669732445,163.16705770556152,0.1806629815788669,142.40679556713604,80,0,NFT,
2xi0cj0u,https://wandb.ai/vanzl3386-chinese-university-of-hong-kong-shenzhen/flow-grpo-algo/runs/2xi0cj0u,11,11,0,,11,guidance,42,80,True,True,True,0.005684935166623339,1.0826701358942852,0.24077317536290682,190.44546756675769,0.2223883040461149,162.64405192104644,80,0,NFT,
2xi0cj0u,https://wandb.ai/vanzl3386-chinese-university-of-hong-kong-shenzhen/flow-grpo-algo/runs/2xi0cj0u,12,12,0,,12,guidance,42,80,True,True,True,0.007318081319046948,1.6072140184728323,0.5161975297716982,219.62232290172798,0.3211753530262179,173.72697877762295,80,0,NFT,
2xi0cj0u,https://wandb.ai/vanzl3386-chinese-university-of-hong-kong-shenzhen/flow-grpo-algo/runs/2xi0cj0u,13,13,0,,13,guidance,42,80,True,True,True,0.004730062073657885,1.1063410121265476,0.21845484075294347,233.89566455963742,0.1974570574158158,193.85251761112815,80,0,NFT,
2xi0cj0u,https://wandb.ai/vanzl3386-chinese-university-of-hong-kong-shenzhen/flow-grpo-algo/runs/2xi0cj0u,14,14,0,,14,guidance,42,80,True,True,True,0.0066937160432698276,2.2902358376784315,0.48228570290742834,342.14714560249996,0.21058342331954433,251.22089722619233,80,0,NFT,
2xi0cj0u,https://wandb.ai/vanzl3386-chinese-university-of-hong-kong-shenzhen/flow-grpo-algo/runs/2xi0cj0u,15,15,0,,15,guidance,42,80,True,True,True,0.0033835514239007177,1.2427685073934074,0.39315126398094025,367.297065034905,0.3163511640679879,254.26483000841432,80,0,NFT,
2xi0cj0u,https://wandb.ai/vanzl3386-chinese-university-of-hong-kong-shenzhen/flow-grpo-algo/runs/2xi0cj0u,16,16,0,,16,guidance,42,80,True,True,True,0.002865094702661836,1.3572374223826986,0.4021606129533116,473.7146807474628,0.2963082260488356,318.42067312523545,70,10,NFT,
2xi0cj0u,https://wandb.ai/vanzl3386-chinese-university-of-hong-kong-shenzhen/flow-grpo-algo/runs/2xi0cj0u,17,17,0,,17,guidance,42,80,True,True,True,0.0033837443175234625,1.5478488027891866,0.5739484539412493,457.4366907018689,0.370803952496528,347.0902565818267,50,30,NFT,
2xi0cj0u,https://wandb.ai/vanzl3386-chinese-university-of-hong-kong-shenzhen/flow-grpo-algo/runs/2xi0cj0u,18,18,0,,18,guidance,42,80,True,True,True,0.0011845752335917948,0.5928866965290512,0.2100471381753964,500.50573379905757,0.3542787170045806,356.55590000096004,60,20,NFT,
2xi0cj0u,https://wandb.ai/vanzl3386-chinese-university-of-hong-kong-shenzhen/flow-grpo-algo/runs/2xi0cj0u,19,19,0,,19,guidance,42,80,True,True,True,0.002210946762328455,1.3662494308544677,0.47664408815945414,617.9476838309777,0.3488704751820871,441.62779947235975,50,30,NFT,
2xi0cj0u,https://wandb.ai/vanzl3386-chinese-university-of-hong-kong-shenzhen/flow-grpo-algo/runs/2xi0cj0u,20,20,0,,20,guidance,42,80,True,True,True,0.0036105981045289814,2.3192462566527423,0.6559443418162381,642.3440630912585,0.28282651742335085,480.36204764603013,60,20,NFT,
2xi0cj0u,https://wandb.ai/vanzl3386-chinese-university-of-hong-kong-shenzhen/flow-grpo-algo/runs/2xi0cj0u,21,21,0,,21,guidance,42,80,True,True,True,0.0032850677100687746,1.786273732832382,0.40505761307353316,543.755529713263,0.22676122121062528,416.6512813960086,70,10,NFT,
2xi0cj0u,https://wandb.ai/vanzl3386-chinese-university-of-hong-kong-shenzhen/flow-grpo-algo/runs/2xi0cj0u,22,22,0,,22,guidance,42,80,True,True,True,0.0016178174298250609,0.9543187946107254,0.2935975262588743,589.8804012229728,0.3076514136752752,432.94640468478264,60,20,NFT,
2xi0cj0u,https://wandb.ai/vanzl3386-chinese-university-of-hong-kong-shenzhen/flow-grpo-algo/runs/2xi0cj0u,23,23,0,,23,guidance,42,80,True,True,True,0.0003763523780241894,0.17879131458101255,0.04718230694346921,475.063597364917,0.26389596750847943,371.7651593614497,40,40,NFT,
2xi0cj0u,https://wandb.ai/vanzl3386-chinese-university-of-hong-kong-shenzhen/flow-grpo-algo/runs/2xi0cj0u,24,24,0,,24,guidance,42,80,True,True,True,0.00673143461855321,4.187254248227838,1.4044220395293598,622.0448515814012,0.335404051503142,439.68560997784664,60,20,NFT,
2xi0cj0u,https://wandb.ai/vanzl3386-chinese-university-of-hong-kong-shenzhen/flow-grpo-algo/runs/2xi0cj0u,25,25,0,,25,guidance,42,80,True,True,True,0.004190459323004938,3.4817335824973092,1.2208780452854913,830.8715856954296,0.3506523449763218,599.5333047074864,70,10,NFT,
2xi0cj0u,https://wandb.ai/vanzl3386-chinese-university-of-hong-kong-shenzhen/flow-grpo-algo/runs/2xi0cj0u,26,26,0,,26,guidance,42,80,True,True,True,0.001798189945352299,0.9643998214589242,0.3259660645662214,536.3169914010282,0.33799888522698673,433.01808480862127,40,40,NFT,
2xi0cj0u,https://wandb.ai/vanzl3386-chinese-university-of-hong-kong-shenzhen/flow-grpo-algo/runs/2xi0cj0u,27,27,0,,27,guidance,42,80,True,True,True,3.671180329281792e-05,0.021776596657984364,0.01302118145734954,593.1769813727622,0.5979438229883061,436.8052449825342,10,70,NFT,
2xi0cj0u,https://wandb.ai/vanzl3386-chinese-university-of-hong-kong-shenzhen/flow-grpo-algo/runs/2xi0cj0u,28,28,0,,28,guidance,42,80,True,True,True,0.003375259261885904,1.6600310230967303,0.4724328910012103,491.82326283557813,0.2845928084644485,406.71193604045845,70,10,NFT,
2xi0cj0u,https://wandb.ai/vanzl3386-chinese-university-of-hong-kong-shenzhen/flow-grpo-algo/runs/2xi0cj0u,29,29,0,,29,guidance,42,80,True,True,True,0.0005496017536357157,0.39080099177348854,0.2294007800462068,711.0621266913156,0.5870015298711662,482.104122482821,20,60,NFT,
2xi0cj0u,https://wandb.ai/vanzl3386-chinese-university-of-hong-kong-shenzhen/flow-grpo-algo/runs/2xi0cj0u,30,30,0,,30,guidance,42,80,True,True,True,0.0024487092333529844,1.3717634193369277,0.3744514691668069,560.1985734576541,0.2729708810487207,427.81677823562427,60,20,NFT,
2xi0cj0u,https://wandb.ai/vanzl3386-chinese-university-of-hong-kong-shenzhen/flow-grpo-algo/runs/2xi0cj0u,31,31,0,,31,guidance,42,80,True,True,True,0.0008488492877878854,0.5139329686560867,0.2968165373877799,605.4466629705306,0.5775393981124479,446.68924142184073,30,50,NFT,
2xi0cj0u,https://wandb.ai/vanzl3386-chinese-university-of-hong-kong-shenzhen/flow-grpo-algo/runs/2xi0cj0u,32,32,0,,32,guidance,42,80,True,True,True,0.0024953275915081123,1.820379869688177,0.6827938449804555,729.5153854280054,0.3750831660742409,550.672258032394,40,40,NFT,
2xi0cj0u,https://wandb.ai/vanzl3386-chinese-university-of-hong-kong-shenzhen/flow-grpo-algo/runs/2xi0cj0u,33,33,0,,33,guidance,42,80,True,True,True,0.0009083554793766878,0.91754302929919,0.3617242450731154,1010.114487258674,0.39423136956246807,658.0210131636268,60,20,NFT,
2xi0cj0u,https://wandb.ai/vanzl3386-chinese-university-of-hong-kong-shenzhen/flow-grpo-algo/runs/2xi0cj0u,34,34,0,,34,guidance,42,80,True,True,True,0.0033618662541364717,2.3317606420909245,1.16304235730327,693.5911383214321,0.49878290949295406,548.3239715996805,30,50,NFT,
2xi0cj0u,https://wandb.ai/vanzl3386-chinese-university-of-hong-kong-shenzhen/flow-grpo-algo/runs/2xi0cj0u,35,35,0,,35,guidance,42,80,True,True,True,0.0014172798407565347,1.0177247396748392,0.3387177487202354,718.083126852058,0.33281862522911154,527.165418390869,60,20,NFT,
2xi0cj0u,https://wandb.ai/vanzl3386-chinese-university-of-hong-kong-shenzhen/flow-grpo-algo/runs/2xi0cj0u,36,36,0,,36,guidance,42,80,True,True,True,0.0021515613569564524,1.715540252055657,0.43989804999813487,797.3466554922792,0.256419544496857,652.4702587101198,50,30,NFT,
2xi0cj0u,https://wandb.ai/vanzl3386-chinese-university-of-hong-kong-shenzhen/flow-grpo-algo/runs/2xi0cj0u,37,37,0,,37,guidance,42,80,True,True,True,0.0017494955615676515,1.9779666039052621,0.5608782661895437,1130.5925247005982,0.28356306172316337,989.3545767221007,80,0,NFT,
2xi0cj0u,https://wandb.ai/vanzl3386-chinese-university-of-hong-kong-shenzhen/flow-grpo-algo/runs/2xi0cj0u,38,38,0,,38,guidance,42,80,True,True,True,0.0030139285725174084,3.770441063589252,1.0518909038613387,1251.005447829827,0.2789835157534584,868.5627960140723,70,10,NFT,
2xi0cj0u,https://wandb.ai/vanzl3386-chinese-university-of-hong-kong-shenzhen/flow-grpo-algo/runs/2xi0cj0u,39,39,0,,39,guidance,42,80,True,True,True,0.001560452162333922,1.862423267907954,0.9543502665265455,1193.5151316156866,0.5124239387314786,946.4270884437082,30,50,NFT,
2xi0cj0u,https://wandb.ai/vanzl3386-chinese-university-of-hong-kong-shenzhen/flow-grpo-algo/runs/2xi0cj0u,40,40,0,,40,guidance,42,80,True,True,True,0.0015974590637370494,1.0202533971287315,0.2675746274987888,638.672639749516,0.2622629125782046,652.0543958751869,50,30,NFT,
2xi0cj0u,https://wandb.ai/vanzl3386-chinese-university-of-hong-kong-shenzhen/flow-grpo-algo/runs/2xi0cj0u,41,41,0,,41,guidance,42,80,True,True,True,0.0040455087629288275,3.1838980195606665,1.4069433247437733,787.0204234227439,0.4418933383230383,562.9049410548241,50,30,NFT,
2xi0cj0u,https://wandb.ai/vanzl3386-chinese-university-of-hong-kong-shenzhen/flow-grpo-algo/runs/2xi0cj0u,42,42,0,,42,guidance,42,80,True,True,True,0.002472929640186693,3.1274059270121928,1.6626357393827451,1264.6562507035542,0.5316341332674922,590.2011063342318,50,30,NFT,
2xi0cj0u,https://wandb.ai/vanzl3386-chinese-university-of-hong-kong-shenzhen/flow-grpo-algo/runs/2xi0cj0u,43,43,0,,43,guidance,42,80,True,True,True,0.003277466188559965,1.9453119095887583,0.5014860226822984,593.5414120758569,0.2577920899010551,460.3540787545963,70,10,NFT,
2xi0cj0u,https://wandb.ai/vanzl3386-chinese-university-of-hong-kong-shenzhen/flow-grpo-algo/runs/2xi0cj0u,44,44,0,,44,guidance,42,80,True,True,True,0.003035450138957362,3.0075918808896263,0.7104930558889287,990.8223634741355,0.23623320052279484,1238.5861558822921,80,0,NFT,
2xi0cj0u,https://wandb.ai/vanzl3386-chinese-university-of-hong-kong-shenzhen/flow-grpo-algo/runs/2xi0cj0u,45,45,0,,45,guidance,42,80,True,True,True,0.003289041019251239,7.307944587581979,1.3539254187736838,2221.907402433569,0.18526760877119142,2784.4932372707394,80,0,NFT,
2xi0cj0u,https://wandb.ai/vanzl3386-chinese-university-of-hong-kong-shenzhen/flow-grpo-algo/runs/2xi0cj0u,46,46,0,,46,guidance,42,80,False,False,False,0,0,0,,,,0,80,NFT,
2xi0cj0u,https://wandb.ai/vanzl3386-chinese-university-of-hong-kong-shenzhen/flow-grpo-algo/runs/2xi0cj0u,47,47,0,,47,guidance,42,80,False,False,False,0,0,0,,,,0,80,NFT,
2xi0cj0u,https://wandb.ai/vanzl3386-chinese-university-of-hong-kong-shenzhen/flow-grpo-algo/runs/2xi0cj0u,48,48,0,,48,guidance,42,80,True,True,True,0.001116969741845063,1.6659300281353076,1.140470546358337,1491.4728355876912,0.6845849027854293,1419.3963736111932,20,60,NFT,
2xi0cj0u,https://wandb.ai/vanzl3386-chinese-university-of-hong-kong-shenzhen/flow-grpo-algo/runs/2xi0cj0u,49,49,0,,49,guidance,42,80,True,True,True,0.0007623195320757283,0.7996833422772127,0.41796616779799506,1049.0133187322986,0.522664591971838,1116.96773849176,10,70,NFT,
2xi0cj0u,https://wandb.ai/vanzl3386-chinese-university-of-hong-kong-shenzhen/flow-grpo-algo/runs/2xi0cj0u,50,50,0,,50,guidance,42,80,True,True,True,0.000821866770205314,1.6117394305753439,0.8964115702878944,1961.0714157146278,0.5561764844134276,2887.782760885294,30,50,NFT,
2xi0cj0u,https://wandb.ai/vanzl3386-chinese-university-of-hong-kong-shenzhen/flow-grpo-algo/runs/2xi0cj0u,51,51,0,,51,guidance,42,80,True,True,True,0.0005392909897116158,0.6741740813918703,0.31722772317199677,1250.1118955322854,0.47054274545390756,1248.07981535699,20,60,NFT,
2xi0cj0u,https://wandb.ai/vanzl3386-chinese-university-of-hong-kong-shenzhen/flow-grpo-algo/runs/2xi0cj0u,52,52,0,,52,guidance,42,80,True,True,True,0.0003666841545876222,0.43925986265309813,0.23193660865313454,1197.924309402176,0.5280168491886648,1148.6198835157102,10,70,NFT,
2xi0cj0u,https://wandb.ai/vanzl3386-chinese-university-of-hong-kong-shenzhen/flow-grpo-algo/runs/2xi0cj0u,53,53,0,,53,guidance,42,80,False,False,False,0,0,0,,,,0,80,NFT,
2xi0cj0u,https://wandb.ai/vanzl3386-chinese-university-of-hong-kong-shenzhen/flow-grpo-algo/runs/2xi0cj0u,54,54,0,,54,guidance,42,80,False,False,False,0,0,0,,,,0,80,NFT,
2xi0cj0u,https://wandb.ai/vanzl3386-chinese-university-of-hong-kong-shenzhen/flow-grpo-algo/runs/2xi0cj0u,55,55,0,,55,guidance,42,80,False,False,False,0,0,0,,,,0,80,NFT,
2xi0cj0u,https://wandb.ai/vanzl3386-chinese-university-of-hong-kong-shenzhen/flow-grpo-algo/runs/2xi0cj0u,56,56,0,,56,guidance,42,80,False,False,False,0,0,0,,,,0,80,NFT,
2xi0cj0u,https://wandb.ai/vanzl3386-chinese-university-of-hong-kong-shenzhen/flow-grpo-algo/runs/2xi0cj0u,57,57,0,,57,guidance,42,80,False,False,False,0,0,0,,,,0,80,NFT,
2xi0cj0u,https://wandb.ai/vanzl3386-chinese-university-of-hong-kong-shenzhen/flow-grpo-algo/runs/2xi0cj0u,58,58,0,,58,guidance,42,80,False,False,False,0,0,0,,,,0,80,NFT,
2xi0cj0u,https://wandb.ai/vanzl3386-chinese-university-of-hong-kong-shenzhen/flow-grpo-algo/runs/2xi0cj0u,59,59,0,,59,guidance,42,80,False,False,False,0,0,0,,,,0,80,NFT,
2xi0cj0u,https://wandb.ai/vanzl3386-chinese-university-of-hong-kong-shenzhen/flow-grpo-algo/runs/2xi0cj0u,60,60,0,,60,guidance,42,80,False,False,False,0,0,0,,,,0,80,NFT,
2xi0cj0u,https://wandb.ai/vanzl3386-chinese-university-of-hong-kong-shenzhen/flow-grpo-algo/runs/2xi0cj0u,61,61,0,,61,guidance,42,80,False,False,False,0,0,0,,,,0,80,NFT,
2xi0cj0u,https://wandb.ai/vanzl3386-chinese-university-of-hong-kong-shenzhen/flow-grpo-algo/runs/2xi0cj0u,62,62,0,,62,guidance,42,80,False,False,False,0,0,0,,,,0,80,NFT,
2xi0cj0u,https://wandb.ai/vanzl3386-chinese-university-of-hong-kong-shenzhen/flow-grpo-algo/runs/2xi0cj0u,63,63,0,,63,guidance,42,80,False,False,False,0,0,0,,,,0,80,NFT,
2xi0cj0u,https://wandb.ai/vanzl3386-chinese-university-of-hong-kong-shenzhen/flow-grpo-algo/runs/2xi0cj0u,64,64,0,,64,guidance,42,80,False,False,False,0,0,0,,,,0,80,NFT,
2xi0cj0u,https://wandb.ai/vanzl3386-chinese-university-of-hong-kong-shenzhen/flow-grpo-algo/runs/2xi0cj0u,65,65,0,,65,guidance,42,80,False,False,False,0,0,0,,,,0,80,NFT,
2xi0cj0u,https://wandb.ai/vanzl3386-chinese-university-of-hong-kong-shenzhen/flow-grpo-algo/runs/2xi0cj0u,66,66,0,,66,guidance,42,80,False,False,False,0,0,0,,,,0,80,NFT,
2xi0cj0u,https://wandb.ai/vanzl3386-chinese-university-of-hong-kong-shenzhen/flow-grpo-algo/runs/2xi0cj0u,67,67,0,,67,guidance,42,80,False,False,False,0,0,0,,,,0,80,NFT,
2xi0cj0u,https://wandb.ai/vanzl3386-chinese-university-of-hong-kong-shenzhen/flow-grpo-algo/runs/2xi0cj0u,68,68,0,,68,guidance,42,80,True,True,True,0.0015449510135734704,3.4088930651252056,2.2453227088749115,2206.473237776283,0.6586662197901602,1839.8950446955994,10,70,NFT,
2xi0cj0u,https://wandb.ai/vanzl3386-chinese-university-of-hong-kong-shenzhen/flow-grpo-algo/runs/2xi0cj0u,69,69,0,,69,guidance,42,80,False,False,False,0,0,0,,,,0,80,NFT,
2xi0cj0u,https://wandb.ai/vanzl3386-chinese-university-of-hong-kong-shenzhen/flow-grpo-algo/runs/2xi0cj0u,70,70,0,,70,guidance,42,80,False,False,False,0,0,0,,,,0,80,NFT,
2xi0cj0u,https://wandb.ai/vanzl3386-chinese-university-of-hong-kong-shenzhen/flow-grpo-algo/runs/2xi0cj0u,71,71,0,,71,guidance,42,80,False,False,False,0,0,0,,,,0,80,NFT,
2xi0cj0u,https://wandb.ai/vanzl3386-chinese-university-of-hong-kong-shenzhen/flow-grpo-algo/runs/2xi0cj0u,72,72,0,,72,guidance,42,80,False,False,False,0,0,0,,,,0,80,NFT,
2xi0cj0u,https://wandb.ai/vanzl3386-chinese-university-of-hong-kong-shenzhen/flow-grpo-algo/runs/2xi0cj0u,73,73,0,,73,guidance,42,80,False,False,False,0,0,0,,,,0,80,NFT,
2xi0cj0u,https://wandb.ai/vanzl3386-chinese-university-of-hong-kong-shenzhen/flow-grpo-algo/runs/2xi0cj0u,74,74,0,,74,guidance,42,80,False,False,False,0,0,0,,,,0,80,NFT,
2xi0cj0u,https://wandb.ai/vanzl3386-chinese-university-of-hong-kong-shenzhen/flow-grpo-algo/runs/2xi0cj0u,75,75,0,,75,guidance,42,80,True,True,True,0.0015289498305343444,2.3476614192021983,1.8055787375533208,1535.4731543949529,0.769096737197695,1159.3666622785088,10,70,NFT,
2xi0cj0u,https://wandb.ai/vanzl3386-chinese-university-of-hong-kong-shenzhen/flow-grpo-algo/runs/2xi0cj0u,76,76,0,,76,guidance,42,80,False,False,False,0,0,0,,,,0,80,NFT,
2xi0cj0u,https://wandb.ai/vanzl3386-chinese-university-of-hong-kong-shenzhen/flow-grpo-algo/runs/2xi0cj0u,77,77,0,,77,guidance,42,80,False,False,False,0,0,0,,,,0,80,NFT,
2xi0cj0u,https://wandb.ai/vanzl3386-chinese-university-of-hong-kong-shenzhen/flow-grpo-algo/runs/2xi0cj0u,78,78,0,,78,guidance,42,80,False,False,False,0,0,0,,,,0,80,NFT,
2xi0cj0u,https://wandb.ai/vanzl3386-chinese-university-of-hong-kong-shenzhen/flow-grpo-algo/runs/2xi0cj0u,79,79,0,,79,guidance,42,80,False,False,False,0,0,0,,,,0,80,NFT,
2xi0cj0u,https://wandb.ai/vanzl3386-chinese-university-of-hong-kong-shenzhen/flow-grpo-algo/runs/2xi0cj0u,80,80,0,,80,guidance,42,80,False,False,False,0,0,0,,,,0,80,NFT,
2xi0cj0u,https://wandb.ai/vanzl3386-chinese-university-of-hong-kong-shenzhen/flow-grpo-algo/runs/2xi0cj0u,81,81,0,,81,guidance,42,80,False,False,False,0,0,0,,,,0,80,NFT,
2xi0cj0u,https://wandb.ai/vanzl3386-chinese-university-of-hong-kong-shenzhen/flow-grpo-algo/runs/2xi0cj0u,82,82,0,,82,guidance,42,80,False,False,False,0,0,0,,,,0,80,NFT,
2xi0cj0u,https://wandb.ai/vanzl3386-chinese-university-of-hong-kong-shenzhen/flow-grpo-algo/runs/2xi0cj0u,83,83,0,,83,guidance,42,80,False,False,False,0,0,0,,,,0,80,NFT,
2xi0cj0u,https://wandb.ai/vanzl3386-chinese-university-of-hong-kong-shenzhen/flow-grpo-algo/runs/2xi0cj0u,84,84,0,,84,guidance,42,80,False,False,False,0,0,0,,,,0,80,NFT,
2xi0cj0u,https://wandb.ai/vanzl3386-chinese-university-of-hong-kong-shenzhen/flow-grpo-algo/runs/2xi0cj0u,85,85,0,,85,guidance,42,80,False,False,False,0,0,0,,,,0,80,NFT,
2xi0cj0u,https://wandb.ai/vanzl3386-chinese-university-of-hong-kong-shenzhen/flow-grpo-algo/runs/2xi0cj0u,86,86,0,,86,guidance,42,80,False,False,False,0,0,0,,,,0,80,NFT,
2xi0cj0u,https://wandb.ai/vanzl3386-chinese-university-of-hong-kong-shenzhen/flow-grpo-algo/runs/2xi0cj0u,87,87,0,,87,guidance,42,80,False,False,False,0,0,0,,,,0,80,NFT,
2xi0cj0u,https://wandb.ai/vanzl3386-chinese-university-of-hong-kong-shenzhen/flow-grpo-algo/runs/2xi0cj0u,88,88,0,,88,guidance,42,80,False,False,False,0,0,0,,,,0,80,NFT,
2xi0cj0u,https://wandb.ai/vanzl3386-chinese-university-of-hong-kong-shenzhen/flow-grpo-algo/runs/2xi0cj0u,89,89,0,,89,guidance,42,80,True,True,True,0.0021486574579572828,5.607031063217322,4.1649172033918,2609.5509279305493,0.7428025913239662,1696.0460905244454,20,60,NFT,
2xi0cj0u,https://wandb.ai/vanzl3386-chinese-university-of-hong-kong-shenzhen/flow-grpo-algo/runs/2xi0cj0u,90,90,0,,90,guidance,42,80,False,False,False,0,0,0,,,,0,80,NFT,
2xi0cj0u,https://wandb.ai/vanzl3386-chinese-university-of-hong-kong-shenzhen/flow-grpo-algo/runs/2xi0cj0u,91,91,0,,91,guidance,42,80,False,False,False,0,0,0,,,,0,80,NFT,
2xi0cj0u,https://wandb.ai/vanzl3386-chinese-university-of-hong-kong-shenzhen/flow-grpo-algo/runs/2xi0cj0u,92,92,0,,92,guidance,42,80,False,False,False,0,0,0,,,,0,80,NFT,
2xi0cj0u,https://wandb.ai/vanzl3386-chinese-university-of-hong-kong-shenzhen/flow-grpo-algo/runs/2xi0cj0u,93,93,0,,93,guidance,42,80,False,False,False,0,0,0,,,,0,80,NFT,
2xi0cj0u,https://wandb.ai/vanzl3386-chinese-university-of-hong-kong-shenzhen/flow-grpo-algo/runs/2xi0cj0u,94,94,0,,94,guidance,42,80,False,False,False,0,0,0,,,,0,80,NFT,
2xi0cj0u,https://wandb.ai/vanzl3386-chinese-university-of-hong-kong-shenzhen/flow-grpo-algo/runs/2xi0cj0u,95,95,0,,95,guidance,42,80,False,False,False,0,0,0,,,,0,80,NFT,
2xi0cj0u,https://wandb.ai/vanzl3386-chinese-university-of-hong-kong-shenzhen/flow-grpo-algo/runs/2xi0cj0u,96,96,0,,96,guidance,42,80,True,True,True,0.00037284492534529935,0.3990282379295157,0.23325271714337772,1070.22574481862,0.5845519062853378,1001.7362522126111,10,70,NFT,
2xi0cj0u,https://wandb.ai/vanzl3386-chinese-university-of-hong-kong-shenzhen/flow-grpo-algo/runs/2xi0cj0u,97,97,0,,97,guidance,42,80,True,True,True,0.0011893886486359032,1.7196567533157971,1.0748143660237008,1445.8324915813284,0.6250168028888742,1195.9974631843338,10,70,NFT,
2xi0cj0u,https://wandb.ai/vanzl3386-chinese-university-of-hong-kong-shenzhen/flow-grpo-algo/runs/2xi0cj0u,98,98,0,,98,guidance,42,80,True,True,True,0.0006251053479787082,0.5805339729800774,0.30696409016391224,928.6978184673138,0.528761630586685,968.6257097394343,20,60,NFT,
2xi0cj0u,https://wandb.ai/vanzl3386-chinese-university-of-hong-kong-shenzhen/flow-grpo-algo/runs/2xi0cj0u,99,99,0,,99,guidance,42,80,True,True,True,0.00039508430139664893,0.6467667553140869,0.4159410057670776,1637.034812640553,0.6431082029951983,1561.1123729456278,10,70,NFT,
2xi0cj0u,https://wandb.ai/vanzl3386-chinese-university-of-hong-kong-shenzhen/flow-grpo-algo/runs/2xi0cj0u,100,100,0,,100,guidance,42,80,False,False,False,0,0,0,,,,0,80,NFT,
2xi0cj0u,https://wandb.ai/vanzl3386-chinese-university-of-hong-kong-shenzhen/flow-grpo-algo/runs/2xi0cj0u,101,101,0,,101,guidance,42,80,False,False,False,0,0,0,,,,0,80,NFT,
2xi0cj0u,https://wandb.ai/vanzl3386-chinese-university-of-hong-kong-shenzhen/flow-grpo-algo/runs/2xi0cj0u,102,102,0,,102,guidance,42,80,True,True,True,0.0003949238237274038,0.6456876525292503,0.3416324015528201,1634.9675905471233,0.5290985513112996,2104.5258203153016,10,70,NFT,
2xi0cj0u,https://wandb.ai/vanzl3386-chinese-university-of-hong-kong-shenzhen/flow-grpo-algo/runs/2xi0cj0u,103,103,0,,103,guidance,42,80,True,True,True,0.0007363101306263894,0.9714967603517304,0.5337781876466838,1319.4124594282907,0.5494389785236438,1481.8390950052012,10,70,NFT,
2xi0cj0u,https://wandb.ai/vanzl3386-chinese-university-of-hong-kong-shenzhen/flow-grpo-algo/runs/2xi0cj0u,104,104,0,,104,guidance,42,80,False,False,False,0,0,0,,,,0,80,NFT,
2xi0cj0u,https://wandb.ai/vanzl3386-chinese-university-of-hong-kong-shenzhen/flow-grpo-algo/runs/2xi0cj0u,105,105,0,,105,guidance,42,80,False,False,False,0,0,0,,,,0,80,NFT,
2xi0cj0u,https://wandb.ai/vanzl3386-chinese-university-of-hong-kong-shenzhen/flow-grpo-algo/runs/2xi0cj0u,106,106,0,,106,guidance,42,80,False,False,False,0,0,0,,,,0,80,NFT,
2xi0cj0u,https://wandb.ai/vanzl3386-chinese-university-of-hong-kong-shenzhen/flow-grpo-algo/runs/2xi0cj0u,107,107,0,,107,guidance,42,80,False,False,False,0,0,0,,,,0,80,NFT,
2xi0cj0u,https://wandb.ai/vanzl3386-chinese-university-of-hong-kong-shenzhen/flow-grpo-algo/runs/2xi0cj0u,108,108,0,,108,guidance,42,80,True,True,True,0.0006665986860408778,1.8970731090682904,1.179609564270711,2845.899862682832,0.6218050103773031,2602.722825451138,20,60,NFT,
2xi0cj0u,https://wandb.ai/vanzl3386-chinese-university-of-hong-kong-shenzhen/flow-grpo-algo/runs/2xi0cj0u,109,109,0,,109,guidance,42,80,True,True,True,0.0004153085437563433,1.0289602758696224,0.6788593059390959,2477.5803227233905,0.6597526861426796,2353.7412592220526,10,70,NFT,
f9la5w7l,https://wandb.ai/vanzl3386-chinese-university-of-hong-kong-shenzhen/flow-grpo-algo/runs/f9la5w7l,0,0,0,0,0,art_guidance,42,80,True,True,True,0.005142829301907714,0.4283105486183332,0.09710774238252969,83.28305753011342,0.22672274286912844,68.05288299898554,80,0,DiffusionART,
f9la5w7l,https://wandb.ai/vanzl3386-chinese-university-of-hong-kong-shenzhen/flow-grpo-algo/runs/f9la5w7l,1,0,1,8,1,art_guidance,42,80,True,True,True,0.0016846501730919724,0.11715799931048551,0.04769931168590867,69.54440819927387,0.4071366186400866,56.895599942023196,27,53,DiffusionART,
f9la5w7l,https://wandb.ai/vanzl3386-chinese-university-of-hong-kong-shenzhen/flow-grpo-algo/runs/f9la5w7l,2,1,0,0,2,art_guidance,42,80,True,True,True,0.0044999756350206435,0.44973054798706774,0.11042206683302302,99.94066289761247,0.2455293893805014,80.87279917516769,70,10,DiffusionART,
f9la5w7l,https://wandb.ai/vanzl3386-chinese-university-of-hong-kong-shenzhen/flow-grpo-algo/runs/f9la5w7l,3,1,1,8,3,art_guidance,42,80,True,True,True,0.003774607558533767,0.22247472410859553,0.05700773982893988,58.93982901761979,0.2562436701848115,52.03150963138388,55,25,DiffusionART,
f9la5w7l,https://wandb.ai/vanzl3386-chinese-university-of-hong-kong-shenzhen/flow-grpo-algo/runs/f9la5w7l,4,2,0,0,4,art_guidance,42,80,True,True,True,0.005142829208555832,0.3326018411892223,0.08361989092866731,64.67293151324014,0.2514113891543212,53.00505546306331,80,0,DiffusionART,
f9la5w7l,https://wandb.ai/vanzl3386-chinese-university-of-hong-kong-shenzhen/flow-grpo-algo/runs/f9la5w7l,5,2,1,8,5,art_guidance,42,80,True,True,True,0.004832977164339438,0.37299698495345684,0.09700186841730504,77.17747720921362,0.2600607305965465,65.40987322552036,71,9,DiffusionART,
f9la5w7l,https://wandb.ai/vanzl3386-chinese-university-of-hong-kong-shenzhen/flow-grpo-algo/runs/f9la5w7l,6,3,0,0,6,art_guidance,42,80,True,True,True,0.005142829283647717,0.3879782473090502,0.09089589616811199,75.44062342156225,0.23428090826882733,62.45852880212849,80,0,DiffusionART,
f9la5w7l,https://wandb.ai/vanzl3386-chinese-university-of-hong-kong-shenzhen/flow-grpo-algo/runs/f9la5w7l,7,3,1,8,7,art_guidance,42,80,True,True,True,0.003452830801102774,0.34927202634732685,0.11076365767325139,101.15526837740657,0.3171271940430311,85.61814341404295,48,32,DiffusionART,
f9la5w7l,https://wandb.ai/vanzl3386-chinese-university-of-hong-kong-shenzhen/flow-grpo-algo/runs/f9la5w7l,8,4,0,0,8,art_guidance,42,80,True,True,True,0.0051428291803753984,0.4581904939997211,0.13418797905058488,89.09308046787503,0.29286504370530775,71.91708964784992,80,0,DiffusionART,
f9la5w7l,https://wandb.ai/vanzl3386-chinese-university-of-hong-kong-shenzhen/flow-grpo-algo/runs/f9la5w7l,9,4,1,8,9,art_guidance,42,80,True,True,True,0.0024899895324460033,0.213691630180253,0.08057986425436549,85.82029257381507,0.3770847935709734,70.4381317945752,38,42,DiffusionART,
f9la5w7l,https://wandb.ai/vanzl3386-chinese-university-of-hong-kong-shenzhen/flow-grpo-algo/runs/f9la5w7l,10,5,0,0,10,art_guidance,42,80,True,True,True,0.005142829284359016,0.5926718315515054,0.14100473707952893,115.24236928377331,0.23791368101703866,90.70737641102991,80,0,DiffusionART,
f9la5w7l,https://wandb.ai/vanzl3386-chinese-university-of-hong-kong-shenzhen/flow-grpo-algo/runs/f9la5w7l,11,5,1,8,11,art_guidance,42,80,True,True,True,0.0025251965357809274,0.30258293920696483,0.09195580327801986,119.82550067667894,0.3039028027126231,97.88892278881961,39,41,DiffusionART,
f9la5w7l,https://wandb.ai/vanzl3386-chinese-university-of-hong-kong-shenzhen/flow-grpo-algo/runs/f9la5w7l,12,6,0,0,12,art_guidance,42,80,True,True,True,0.005142829282117076,0.7354295117853881,0.20503777355288708,143.00095753570187,0.2788000349008579,112.62469212861463,80,0,DiffusionART,
f9la5w7l,https://wandb.ai/vanzl3386-chinese-university-of-hong-kong-shenzhen/flow-grpo-algo/runs/f9la5w7l,13,6,1,8,13,art_guidance,42,80,True,True,True,0.0025964013117102023,0.37192184561954944,0.13844123921279786,143.245130844034,0.3722320719886235,120.60389956364375,38,42,DiffusionART,
f9la5w7l,https://wandb.ai/vanzl3386-chinese-university-of-hong-kong-shenzhen/flow-grpo-algo/runs/f9la5w7l,14,7,0,0,14,art_guidance,42,80,True,True,True,0.005142829257296179,0.6590561494683173,0.16822941024008015,128.1505016977393,0.25525808442239173,102.50644334085844,80,0,DiffusionART,
f9la5w7l,https://wandb.ai/vanzl3386-chinese-university-of-hong-kong-shenzhen/flow-grpo-algo/runs/f9la5w7l,15,7,1,8,15,art_guidance,42,80,True,True,True,0.003334452051635259,0.49756334574096817,0.14156432396120971,149.2189235400631,0.2845151781636829,116.89099971883729,53,27,DiffusionART,
f9la5w7l,https://wandb.ai/vanzl3386-chinese-university-of-hong-kong-shenzhen/flow-grpo-algo/runs/f9la5w7l,16,8,0,0,16,art_guidance,42,80,True,True,True,0.0051428292032112966,0.8034958447854498,0.1925841642307728,156.23615193826177,0.23968283779015284,123.5496152672165,80,0,DiffusionART,
f9la5w7l,https://wandb.ai/vanzl3386-chinese-university-of-hong-kong-shenzhen/flow-grpo-algo/runs/f9la5w7l,17,8,1,8,17,art_guidance,42,80,True,True,True,0.0022783010250495652,0.4942452405837587,0.18375115248959414,216.93588123325634,0.37178132918905515,154.12655383163298,38,42,DiffusionART,
f9la5w7l,https://wandb.ai/vanzl3386-chinese-university-of-hong-kong-shenzhen/flow-grpo-algo/runs/f9la5w7l,18,9,0,0,18,art_guidance,42,80,True,True,True,0.005142829338626328,1.005201516444981,0.27799318816788776,195.45690713382191,0.27655468442889436,152.3200472485165,80,0,DiffusionART,
f9la5w7l,https://wandb.ai/vanzl3386-chinese-university-of-hong-kong-shenzhen/flow-grpo-algo/runs/f9la5w7l,19,9,1,8,19,art_guidance,42,80,True,True,True,0.0032259194342110185,0.7250009132910284,0.24549467976662606,224.74241160593215,0.33861292484755817,159.71944050320343,54,26,DiffusionART,
f9la5w7l,https://wandb.ai/vanzl3386-chinese-university-of-hong-kong-shenzhen/flow-grpo-algo/runs/f9la5w7l,20,10,0,0,20,art_guidance,42,80,True,True,True,0.00514282928787783,1.1946475128373129,0.3914422711334671,232.2938301011115,0.32766340441607206,173.9336795653391,80,0,DiffusionART,
f9la5w7l,https://wandb.ai/vanzl3386-chinese-university-of-hong-kong-shenzhen/flow-grpo-algo/runs/f9la5w7l,21,10,1,8,21,art_guidance,42,80,True,True,True,0.0031091161760429874,0.5681151762472316,0.1666219917888186,182.725618497241,0.29328910537026076,143.60799074916392,50,30,DiffusionART,
f9la5w7l,https://wandb.ai/vanzl3386-chinese-university-of-hong-kong-shenzhen/flow-grpo-algo/runs/f9la5w7l,22,11,0,0,22,art_guidance,42,80,True,True,True,0.0051428291111884645,0.9537997589698038,0.2330288331789047,185.4620751241312,0.2443163053748288,142.99021373801958,80,0,DiffusionART,
f9la5w7l,https://wandb.ai/vanzl3386-chinese-university-of-hong-kong-shenzhen/flow-grpo-algo/runs/f9la5w7l,23,11,1,8,23,art_guidance,42,80,True,True,True,0.0036059621865150394,0.631084729840549,0.23451728492442198,175.01146634331656,0.3716098232699681,134.85296416547592,59,21,DiffusionART,
f9la5w7l,https://wandb.ai/vanzl3386-chinese-university-of-hong-kong-shenzhen/flow-grpo-algo/runs/f9la5w7l,24,12,0,0,24,art_guidance,42,80,True,True,True,0.005142829340524521,1.1064226464101785,0.38136412254238883,215.138899844834,0.3446821373186243,165.18898610428596,80,0,DiffusionART,
f9la5w7l,https://wandb.ai/vanzl3386-chinese-university-of-hong-kong-shenzhen/flow-grpo-algo/runs/f9la5w7l,25,12,1,8,25,art_guidance,42,80,True,True,True,0.0036153887083535106,0.7048933292604008,0.19833807056644753,194.97027460192996,0.28137317000084383,162.51881782064407,51,29,DiffusionART,
f9la5w7l,https://wandb.ai/vanzl3386-chinese-university-of-hong-kong-shenzhen/flow-grpo-algo/runs/f9la5w7l,26,13,0,0,26,art_guidance,42,80,True,True,True,0.0051428292553089335,1.0669632336189665,0.3515604325589739,207.46619820549986,0.32949629516898893,158.14443084899284,80,0,DiffusionART,
f9la5w7l,https://wandb.ai/vanzl3386-chinese-university-of-hong-kong-shenzhen/flow-grpo-algo/runs/f9la5w7l,27,13,1,8,27,art_guidance,42,80,True,True,True,0.004023467293595081,0.5918311585413031,0.16400947993981732,147.09481036006767,0.2771220770870774,122.88070570313928,61,19,DiffusionART,
f9la5w7l,https://wandb.ai/vanzl3386-chinese-university-of-hong-kong-shenzhen/flow-grpo-algo/runs/f9la5w7l,28,14,0,0,28,art_guidance,42,80,True,True,True,0.005142829295371531,1.0767414342164243,0.2932410006524438,209.36752366746364,0.2723411501906618,161.02543619790634,80,0,DiffusionART,
f9la5w7l,https://wandb.ai/vanzl3386-chinese-university-of-hong-kong-shenzhen/flow-grpo-algo/runs/f9la5w7l,29,14,1,8,29,art_guidance,42,80,True,True,True,0.003574863584026653,0.8229624864984848,0.3356973525388692,230.20808127495502,0.4079133108085933,192.36213855314395,54,26,DiffusionART,
f9la5w7l,https://wandb.ai/vanzl3386-chinese-university-of-hong-kong-shenzhen/flow-grpo-algo/runs/f9la5w7l,30,15,0,0,30,art_guidance,42,80,True,True,True,0.005142829264173754,1.1194364682898486,0.3035555144897192,217.6693821216515,0.27116814851802873,163.89855481608032,80,0,DiffusionART,
f9la5w7l,https://wandb.ai/vanzl3386-chinese-university-of-hong-kong-shenzhen/flow-grpo-algo/runs/f9la5w7l,31,15,1,8,31,art_guidance,42,80,True,True,True,0.0039369735078496875,0.7056958673974394,0.22630577471598096,179.2483149785987,0.3206845684821451,143.3083488913121,59,21,DiffusionART,
f9la5w7l,https://wandb.ai/vanzl3386-chinese-university-of-hong-kong-shenzhen/flow-grpo-algo/runs/f9la5w7l,32,16,0,0,32,art_guidance,42,80,True,True,True,0.005142829305065674,0.8207665629405593,0.24552651255296426,159.59436221849833,0.2991429276471945,125.08339733200027,80,0,DiffusionART,
f9la5w7l,https://wandb.ai/vanzl3386-chinese-university-of-hong-kong-shenzhen/flow-grpo-algo/runs/f9la5w7l,33,16,1,8,33,art_guidance,42,80,True,True,True,0.0038258405387226455,0.6415848848688661,0.19240599335650083,167.69775906109135,0.29989171798495035,134.82386687381887,57,23,DiffusionART,
f9la5w7l,https://wandb.ai/vanzl3386-chinese-university-of-hong-kong-shenzhen/flow-grpo-algo/runs/f9la5w7l,34,17,0,0,34,art_guidance,42,80,True,True,True,0.005142829371857584,0.8272060668734434,0.20546376987438858,160.84649267192344,0.2483828130649132,123.05766144796546,80,0,DiffusionART,
f9la5w7l,https://wandb.ai/vanzl3386-chinese-university-of-hong-kong-shenzhen/flow-grpo-algo/runs/f9la5w7l,35,17,1,8,35,art_guidance,42,80,True,True,True,0.0035277692713649293,0.619296256332924,0.16235817180750725,175.54896839761633,0.2621655954597375,142.9733800696377,53,27,DiffusionART,
f9la5w7l,https://wandb.ai/vanzl3386-chinese-university-of-hong-kong-shenzhen/flow-grpo-algo/runs/f9la5w7l,36,18,0,0,36,art_guidance,42,80,True,True,True,0.0051428293567717855,0.7694128083424334,0.17351467120992645,149.60885438077278,0.22551570409093363,117.0724224446886,80,0,DiffusionART,
f9la5w7l,https://wandb.ai/vanzl3386-chinese-university-of-hong-kong-shenzhen/flow-grpo-algo/runs/f9la5w7l,37,18,1,8,37,art_guidance,42,80,True,True,True,0.0024375728032806332,0.3641521135824276,0.10294006894643963,149.39127688507585,0.28268425503217254,119.8370229281464,40,40,DiffusionART,
f9la5w7l,https://wandb.ai/vanzl3386-chinese-university-of-hong-kong-shenzhen/flow-grpo-algo/runs/f9la5w7l,38,19,0,0,38,art_guidance,42,80,True,True,True,0.005142829312099665,1.0968315357819107,0.2792501502040726,213.27395276397124,0.2545971200627455,163.04978022470678,80,0,DiffusionART,
f9la5w7l,https://wandb.ai/vanzl3386-chinese-university-of-hong-kong-shenzhen/flow-grpo-algo/runs/f9la5w7l,39,19,1,8,39,art_guidance,42,80,True,True,True,0.004275977858155531,0.7859690286254362,0.19389838362863174,183.81035980491924,0.2466997764119743,147.6136883769537,64,16,DiffusionART,
f9la5w7l,https://wandb.ai/vanzl3386-chinese-university-of-hong-kong-shenzhen/flow-grpo-algo/runs/f9la5w7l,40,20,0,0,40,art_guidance,42,80,True,True,True,0.005142829282540279,0.9153988180593171,0.23980609042777581,177.99517887305015,0.26196897537640973,134.21036855775714,80,0,DiffusionART,
f9la5w7l,https://wandb.ai/vanzl3386-chinese-university-of-hong-kong-shenzhen/flow-grpo-algo/runs/f9la5w7l,41,20,1,8,41,art_guidance,42,80,True,True,True,0.00447343660075864,0.7349886594652478,0.20045297096910392,164.3006764286327,0.27272933859271586,129.45469020186272,69,11,DiffusionART,
f9la5w7l,https://wandb.ai/vanzl3386-chinese-university-of-hong-kong-shenzhen/flow-grpo-algo/runs/f9la5w7l,42,21,0,0,42,art_guidance,42,80,True,True,True,0.0051428291726612774,0.9215497828281295,0.2515631381505404,179.19121010804486,0.2729783489053866,137.5906862072548,80,0,DiffusionART,
f9la5w7l,https://wandb.ai/vanzl3386-chinese-university-of-hong-kong-shenzhen/flow-grpo-algo/runs/f9la5w7l,43,21,1,8,43,art_guidance,42,80,True,True,True,0.004501508086603779,0.8371140251507553,0.20354799457758804,185.96301707020297,0.24315444307713185,146.48462669820577,67,13,DiffusionART,
f9la5w7l,https://wandb.ai/vanzl3386-chinese-university-of-hong-kong-shenzhen/flow-grpo-algo/runs/f9la5w7l,44,22,0,0,44,art_guidance,42,80,True,True,True,0.00514282921355027,0.8849362661219322,0.203632729468144,172.07187510530426,0.23011005115716004,130.97433622835896,80,0,DiffusionART,
f9la5w7l,https://wandb.ai/vanzl3386-chinese-university-of-hong-kong-shenzhen/flow-grpo-algo/runs/f9la5w7l,45,22,1,8,45,art_guidance,42,80,True,True,True,0.00447180500076874,0.7579321233433252,0.22300593823164552,169.49131798301366,0.294229432113183,129.927578273753,70,10,DiffusionART,
f9la5w7l,https://wandb.ai/vanzl3386-chinese-university-of-hong-kong-shenzhen/flow-grpo-algo/runs/f9la5w7l,46,23,0,0,46,art_guidance,42,80,True,True,True,0.005142829212208916,0.7731062279331227,0.19520795737846924,150.32702740697525,0.2524982341693872,115.90579607469695,80,0,DiffusionART,
f9la5w7l,https://wandb.ai/vanzl3386-chinese-university-of-hong-kong-shenzhen/flow-grpo-algo/runs/f9la5w7l,47,23,1,8,47,art_guidance,42,80,True,True,True,0.002547204903821265,0.6055565403032492,0.19474212631914184,237.73373684810576,0.3215919792091079,175.15670095677976,41,39,DiffusionART,
f9la5w7l,https://wandb.ai/vanzl3386-chinese-university-of-hong-kong-shenzhen/flow-grpo-algo/runs/f9la5w7l,48,24,0,0,48,art_guidance,42,80,True,True,True,0.005142829283421706,0.9277556329837443,0.2717611407120983,180.3979058714692,0.2929231912482066,139.65985906327643,80,0,DiffusionART,
f9la5w7l,https://wandb.ai/vanzl3386-chinese-university-of-hong-kong-shenzhen/flow-grpo-algo/runs/f9la5w7l,49,24,1,8,49,art_guidance,42,80,True,True,True,0.003715149081106227,0.6988572541420546,0.23284280940608132,188.1101508674753,0.333176493520023,153.0101116154003,55,25,DiffusionART,
f9la5w7l,https://wandb.ai/vanzl3386-chinese-university-of-hong-kong-shenzhen/flow-grpo-algo/runs/f9la5w7l,50,25,0,0,50,art_guidance,42,80,True,True,True,0.005142829267547646,0.8857928786587641,0.25073970143166247,172.23843775026847,0.28306809353821355,134.31741911254605,80,0,DiffusionART,
f9la5w7l,https://wandb.ai/vanzl3386-chinese-university-of-hong-kong-shenzhen/flow-grpo-algo/runs/f9la5w7l,51,25,1,8,51,art_guidance,42,80,True,True,True,0.0026448895760945203,0.4366703372622907,0.13342954081148628,165.09964771651602,0.30556126538849465,125.83876345217244,42,38,DiffusionART,
f9la5w7l,https://wandb.ai/vanzl3386-chinese-university-of-hong-kong-shenzhen/flow-grpo-algo/runs/f9la5w7l,52,26,0,0,52,art_guidance,42,80,True,True,True,0.0044999756766202674,1.0035834564682111,0.31430949609285647,223.01975134718023,0.3131872033831322,168.40066719469309,70,10,DiffusionART,
f9la5w7l,https://wandb.ai/vanzl3386-chinese-university-of-hong-kong-shenzhen/flow-grpo-algo/runs/f9la5w7l,53,26,1,8,53,art_guidance,42,80,True,True,True,0.003458582994587181,0.49958353581185166,0.1505901234459445,144.44746203682828,0.30143131758981406,112.11663962388612,58,22,DiffusionART,
f9la5w7l,https://wandb.ai/vanzl3386-chinese-university-of-hong-kong-shenzhen/flow-grpo-algo/runs/f9la5w7l,54,27,0,0,54,art_guidance,42,80,True,True,True,0.004499975584116275,0.9216803335521199,0.25192973033309307,204.81896319735776,0.2733374263961625,159.5295144652553,70,10,DiffusionART,
f9la5w7l,https://wandb.ai/vanzl3386-chinese-university-of-hong-kong-shenzhen/flow-grpo-algo/runs/f9la5w7l,55,27,1,8,55,art_guidance,42,80,True,True,True,0.0027333670275573744,0.5951977650378286,0.20784675416759116,217.75259562186082,0.34920620737609986,169.89074898505535,44,36,DiffusionART,
f9la5w7l,https://wandb.ai/vanzl3386-chinese-university-of-hong-kong-shenzhen/flow-grpo-algo/runs/f9la5w7l,56,28,0,0,56,art_guidance,42,80,True,True,True,0.00514282925477853,1.2052246893567546,0.3439430982426086,234.35051596101576,0.28537674450245115,176.12122210183162,80,0,DiffusionART,
f9la5w7l,https://wandb.ai/vanzl3386-chinese-university-of-hong-kong-shenzhen/flow-grpo-algo/runs/f9la5w7l,57,28,1,8,57,art_guidance,42,80,True,True,True,0.0027773453232172703,0.4929957296803503,0.17257153769193448,177.50609748062053,0.3500467190736658,136.5813034581695,46,34,DiffusionART,
f9la5w7l,https://wandb.ai/vanzl3386-chinese-university-of-hong-kong-shenzhen/flow-grpo-algo/runs/f9la5w7l,58,29,0,0,58,art_guidance,42,80,True,True,True,0.0044999756104472715,1.2143853878913977,0.3248230395121343,269.86488217226025,0.2674793708413619,202.3635503148745,70,10,DiffusionART,
f9la5w7l,https://wandb.ai/vanzl3386-chinese-university-of-hong-kong-shenzhen/flow-grpo-algo/runs/f9la5w7l,59,29,1,8,59,art_guidance,42,80,True,True,True,0.004016782767007768,1.0949232962214652,0.3119435649054717,272.5871324719681,0.28489992493718597,207.92496309434634,62,18,DiffusionART,
f9la5w7l,https://wandb.ai/vanzl3386-chinese-university-of-hong-kong-shenzhen/flow-grpo-algo/runs/f9la5w7l,60,30,0,0,60,art_guidance,42,80,True,True,True,0.004499975562720216,1.446934600744348,0.3885463646010497,321.5427685277656,0.2685307023559803,240.48791145797358,70,10,DiffusionART,
f9la5w7l,https://wandb.ai/vanzl3386-chinese-university-of-hong-kong-shenzhen/flow-grpo-algo/runs/f9la5w7l,61,30,1,8,61,art_guidance,42,80,True,True,True,0.003942511807744025,1.3876542733880692,0.42036568043194844,351.972128697849,0.3029325736918547,271.9287811718793,60,20,DiffusionART,
f9la5w7l,https://wandb.ai/vanzl3386-chinese-university-of-hong-kong-shenzhen/flow-grpo-algo/runs/f9la5w7l,62,31,0,0,62,art_guidance,42,80,True,True,True,0.005024880210006475,1.2863222745559773,0.3238846492204653,255.99063476068812,0.25179121564404716,202.1260870573269,77,3,DiffusionART,
f9la5w7l,https://wandb.ai/vanzl3386-chinese-university-of-hong-kong-shenzhen/flow-grpo-algo/runs/f9la5w7l,63,31,1,8,63,art_guidance,42,80,True,True,True,0.003652541445544912,0.8528392100008009,0.27566593858038935,233.49200076594016,0.3232331902049045,181.80215471814483,57,23,DiffusionART,
f9la5w7l,https://wandb.ai/vanzl3386-chinese-university-of-hong-kong-shenzhen/flow-grpo-algo/runs/f9la5w7l,64,32,0,0,64,art_guidance,42,80,True,True,True,0.0051428291918656195,1.0900166215430096,0.2606300179260035,211.948828335011,0.2391064620253771,162.50948508469415,80,0,DiffusionART,
f9la5w7l,https://wandb.ai/vanzl3386-chinese-university-of-hong-kong-shenzhen/flow-grpo-algo/runs/f9la5w7l,65,32,1,8,65,art_guidance,42,80,True,True,True,0.003568141004910526,0.8328544716460398,0.32530185150108626,233.4141141002706,0.3905866661893104,178.04971245549632,57,23,DiffusionART,
f9la5w7l,https://wandb.ai/vanzl3386-chinese-university-of-hong-kong-shenzhen/flow-grpo-algo/runs/f9la5w7l,66,33,0,0,66,art_guidance,42,80,True,True,True,0.005097431441210139,1.1291765168594678,0.3017963250385492,221.5187256331984,0.26727116667102047,172.21538195105933,79,1,DiffusionART,
f9la5w7l,https://wandb.ai/vanzl3386-chinese-university-of-hong-kong-shenzhen/flow-grpo-algo/runs/f9la5w7l,67,33,1,8,67,art_guidance,42,80,True,True,True,0.003559912535131491,0.7446741082401876,0.2320526797099089,209.18325967036208,0.31161642004486406,163.75796200094956,56,24,DiffusionART,
f9la5w7l,https://wandb.ai/vanzl3386-chinese-university-of-hong-kong-shenzhen/flow-grpo-algo/runs/f9la5w7l,68,34,0,0,68,art_guidance,42,80,True,True,True,0.004925175592654535,1.0273436437616073,0.29992191808018503,208.59025722733614,0.29193923562131974,170.5054328695596,74,6,DiffusionART,
f9la5w7l,https://wandb.ai/vanzl3386-chinese-university-of-hong-kong-shenzhen/flow-grpo-algo/runs/f9la5w7l,69,34,1,8,69,art_guidance,42,80,True,True,True,0.0026550903253832366,0.6779033244576922,0.207111186135518,255.3221327262542,0.30551728935863,191.63669380630336,43,37,DiffusionART,
f9la5w7l,https://wandb.ai/vanzl3386-chinese-university-of-hong-kong-shenzhen/flow-grpo-algo/runs/f9la5w7l,70,35,0,0,70,art_guidance,42,80,True,True,True,0.004997726980377393,1.0252353986243246,0.23100952208395617,205.14033732729155,0.22532339635748827,160.6676726069397,76,4,DiffusionART,
f9la5w7l,https://wandb.ai/vanzl3386-chinese-university-of-hong-kong-shenzhen/flow-grpo-algo/runs/f9la5w7l,71,35,1,8,71,art_guidance,42,80,True,True,True,0.0018234738406708289,0.9848574523430015,0.6360517438583873,540.0995782756538,0.645831274714126,397.4590291897834,29,51,DiffusionART,
f9la5w7l,https://wandb.ai/vanzl3386-chinese-university-of-hong-kong-shenzhen/flow-grpo-algo/runs/f9la5w7l,72,36,0,0,72,art_guidance,42,80,True,True,True,0.00514282920253676,1.1465071275189327,0.2909278903481858,222.9331526221802,0.2537514886433897,168.78205167531505,80,0,DiffusionART,
f9la5w7l,https://wandb.ai/vanzl3386-chinese-university-of-hong-kong-shenzhen/flow-grpo-algo/runs/f9la5w7l,73,36,1,8,73,art_guidance,42,80,True,True,True,0.003115247879798029,0.6192183467771516,0.1916597549610734,198.77016875372928,0.3095188570535834,163.16784291124807,47,33,DiffusionART,
f9la5w7l,https://wandb.ai/vanzl3386-chinese-university-of-hong-kong-shenzhen/flow-grpo-algo/runs/f9la5w7l,74,37,0,0,74,art_guidance,42,80,True,True,True,0.004427424579480735,0.9944847219444565,0.24623835745590172,224.61923497318915,0.24760396215483993,176.0178540398553,68,12,DiffusionART,
f9la5w7l,https://wandb.ai/vanzl3386-chinese-university-of-hong-kong-shenzhen/flow-grpo-algo/runs/f9la5w7l,75,37,1,8,75,art_guidance,42,80,True,True,True,0.003481017392981637,0.6644352078918753,0.194222168763219,190.873854647063,0.29231167532414254,154.11982314208967,56,24,DiffusionART,
f9la5w7l,https://wandb.ai/vanzl3386-chinese-university-of-hong-kong-shenzhen/flow-grpo-algo/runs/f9la5w7l,76,38,0,0,76,art_guidance,42,80,True,True,True,0.0044999756229565655,0.8774985372160573,0.2834347872180551,195.0007312794119,0.32300314495939486,156.76051443662809,70,10,DiffusionART,
f9la5w7l,https://wandb.ai/vanzl3386-chinese-university-of-hong-kong-shenzhen/flow-grpo-algo/runs/f9la5w7l,77,38,1,8,77,art_guidance,42,80,True,True,True,0.003399859070355312,0.7457250425627272,0.2616200349398084,219.3399864909086,0.35082640384549246,164.02788498537626,56,24,DiffusionART,
f9la5w7l,https://wandb.ai/vanzl3386-chinese-university-of-hong-kong-shenzhen/flow-grpo-algo/runs/f9la5w7l,78,39,0,0,78,art_guidance,42,80,True,True,True,0.004427424659074185,1.280561954588396,0.3330960251225962,289.23404760007213,0.2601170712038383,228.4888243190142,68,12,DiffusionART,
f9la5w7l,https://wandb.ai/vanzl3386-chinese-university-of-hong-kong-shenzhen/flow-grpo-algo/runs/f9la5w7l,79,39,1,8,79,art_guidance,42,80,True,True,True,0.0036311846436837326,0.6323406419389043,0.20835033925687454,174.14169313555283,0.3294906660087887,145.06119481217965,56,24,DiffusionART,
f9la5w7l,https://wandb.ai/vanzl3386-chinese-university-of-hong-kong-shenzhen/flow-grpo-algo/runs/f9la5w7l,80,40,0,0,80,art_guidance,42,80,True,True,True,0.004454577775840484,0.8817603425631839,0.2200075994512055,197.94476310312362,0.24950951957270692,155.93343979170368,69,11,DiffusionART,
f9la5w7l,https://wandb.ai/vanzl3386-chinese-university-of-hong-kong-shenzhen/flow-grpo-algo/runs/f9la5w7l,81,40,1,8,81,art_guidance,42,80,True,True,True,0.0032018767061803,0.726386737918306,0.2348210753375514,226.86280721435205,0.32327280094692595,174.73829260091992,52,28,DiffusionART,
f9la5w7l,https://wandb.ai/vanzl3386-chinese-university-of-hong-kong-shenzhen/flow-grpo-algo/runs/f9la5w7l,82,41,0,0,82,art_guidance,42,80,True,True,True,0.004318383514938266,1.7831890479889427,0.7118417533336558,412.92975527080637,0.3991958980100633,306.56392600424687,66,14,DiffusionART,
f9la5w7l,https://wandb.ai/vanzl3386-chinese-university-of-hong-kong-shenzhen/flow-grpo-algo/runs/f9la5w7l,83,41,1,8,83,art_guidance,42,80,True,True,True,0.0026285055105104145,0.60701847597762,0.24056379195368974,230.93673326929667,0.39630390420366546,179.4365592696198,42,38,DiffusionART,
f9la5w7l,https://wandb.ai/vanzl3386-chinese-university-of-hong-kong-shenzhen/flow-grpo-algo/runs/f9la5w7l,84,42,0,0,84,art_guidance,42,80,True,True,True,0.00449997583862753,0.9756568929333053,0.3061252049303448,216.8138069894339,0.31376317550525534,174.8293961889415,70,10,DiffusionART,
f9la5w7l,https://wandb.ai/vanzl3386-chinese-university-of-hong-kong-shenzhen/flow-grpo-algo/runs/f9la5w7l,85,42,1,8,85,art_guidance,42,80,True,True,True,0.0031430728809137007,0.6750255434118954,0.1929016513063861,214.76611233261107,0.2857694100453899,169.95319839438807,51,29,DiffusionART,
f9la5w7l,https://wandb.ai/vanzl3386-chinese-university-of-hong-kong-shenzhen/flow-grpo-algo/runs/f9la5w7l,86,43,0,0,86,art_guidance,42,80,True,True,True,0.0044002714163782946,1.1422058791029142,0.32619142427984144,259.5762331504139,0.28558023579429603,198.91099991728368,67,13,DiffusionART,
f9la5w7l,https://wandb.ai/vanzl3386-chinese-university-of-hong-kong-shenzhen/flow-grpo-algo/runs/f9la5w7l,87,43,1,8,87,art_guidance,42,80,True,True,True,0.0021987827709903625,0.4639148355424874,0.1992137291010466,210.9871159912417,0.4294187506810217,152.69990539849593,38,42,DiffusionART,
f9la5w7l,https://wandb.ai/vanzl3386-chinese-university-of-hong-kong-shenzhen/flow-grpo-algo/runs/f9la5w7l,88,44,0,0,88,art_guidance,42,80,True,True,True,0.004997727055752779,1.3355994954000012,0.44305426451921104,267.2413840332918,0.33172688822147234,211.3227962456675,76,4,DiffusionART,
f9la5w7l,https://wandb.ai/vanzl3386-chinese-university-of-hong-kong-shenzhen/flow-grpo-algo/runs/f9la5w7l,89,44,1,8,89,art_guidance,42,80,True,True,True,0.000926087713451282,0.282134806562149,0.12762805719241016,304.65235901976047,0.4523655154341834,208.83638033488816,17,63,DiffusionART,
f9la5w7l,https://wandb.ai/vanzl3386-chinese-university-of-hong-kong-shenzhen/flow-grpo-algo/runs/f9la5w7l,90,45,0,0,90,art_guidance,42,80,True,True,True,0.0038299688396462883,0.9593355906469412,0.28552917395437744,250.4813043689252,0.2976322120623367,194.44810162129338,59,21,DiffusionART,
f9la5w7l,https://wandb.ai/vanzl3386-chinese-university-of-hong-kong-shenzhen/flow-grpo-algo/runs/f9la5w7l,91,45,1,8,91,art_guidance,42,80,True,True,True,0.0017080119857085078,0.3551571265410921,0.14856303188334724,207.93596854870304,0.4183022689991223,157.0458942791204,28,52,DiffusionART,
f9la5w7l,https://wandb.ai/vanzl3386-chinese-university-of-hong-kong-shenzhen/flow-grpo-algo/runs/f9la5w7l,92,46,0,0,92,art_guidance,42,80,True,True,True,0.005097431439976507,1.1114134680591947,0.27152875135471277,218.03401990715486,0.2443093944406394,166.96321767042875,79,1,DiffusionART,
f9la5w7l,https://wandb.ai/vanzl3386-chinese-university-of-hong-kong-shenzhen/flow-grpo-algo/runs/f9la5w7l,93,46,1,8,93,art_guidance,42,80,True,True,True,0.0019388472792736817,0.4167440261383438,0.13921901578973325,214.9442251555067,0.3340636147319785,156.51506396507543,33,47,DiffusionART,
f9la5w7l,https://wandb.ai/vanzl3386-chinese-university-of-hong-kong-shenzhen/flow-grpo-algo/runs/f9la5w7l,94,47,0,0,94,art_guidance,42,80,True,True,True,0.004363781678035394,1.1855571735783133,0.3898310453272993,271.6811382993064,0.32881674036072844,215.39505845744998,67,13,DiffusionART,
f9la5w7l,https://wandb.ai/vanzl3386-chinese-university-of-hong-kong-shenzhen/flow-grpo-algo/runs/f9la5w7l,95,47,1,8,95,art_guidance,42,80,True,True,True,0.002834761815160812,0.6447347743173625,0.18624251148462362,227.43878193547192,0.2888668626286134,174.11812864220892,43,37,DiffusionART,
f9la5w7l,https://wandb.ai/vanzl3386-chinese-university-of-hong-kong-shenzhen/flow-grpo-algo/runs/f9la5w7l,96,48,0,0,96,art_guidance,42,80,True,True,True,0.0049794820450087445,1.3057610640366766,0.3629851412619132,262.2282904595519,0.2779874138226851,208.72202950297913,76,4,DiffusionART,
f9la5w7l,https://wandb.ai/vanzl3386-chinese-university-of-hong-kong-shenzhen/flow-grpo-algo/runs/f9la5w7l,97,48,1,8,97,art_guidance,42,80,True,True,True,0.002905575855990818,0.9749512967479342,0.3712191813070428,335.5449470499094,0.3807566414294626,255.20342759386912,46,34,DiffusionART,
f9la5w7l,https://wandb.ai/vanzl3386-chinese-university-of-hong-kong-shenzhen/flow-grpo-algo/runs/f9la5w7l,98,49,0,0,98,art_guidance,42,80,True,True,True,0.0038571219584743093,0.9142835398208442,0.2716799366371789,237.0377575985413,0.29715063741650116,187.60351067119893,60,20,DiffusionART,
f9la5w7l,https://wandb.ai/vanzl3386-chinese-university-of-hong-kong-shenzhen/flow-grpo-algo/runs/f9la5w7l,99,49,1,8,99,art_guidance,42,80,True,True,True,0.0019330460569733077,0.6350293920093526,0.24869953609259268,328.51229266811066,0.39163468529489714,253.677273841923,32,48,DiffusionART,
f9la5w7l,https://wandb.ai/vanzl3386-chinese-university-of-hong-kong-shenzhen/flow-grpo-algo/runs/f9la5w7l,100,50,0,0,100,art_guidance,42,80,True,True,True,0.0031145639565740655,0.6692311723206219,0.1945283532067567,214.87154595366144,0.2906743756902587,170.69882449685528,47,33,DiffusionART,
f9la5w7l,https://wandb.ai/vanzl3386-chinese-university-of-hong-kong-shenzhen/flow-grpo-algo/runs/f9la5w7l,101,50,1,8,101,art_guidance,42,80,True,True,True,0.0031716635895649064,0.9536606871691753,0.3338652033414605,300.6815383279662,0.35008804266903193,226.55453696538345,50,30,DiffusionART,
f9la5w7l,https://wandb.ai/vanzl3386-chinese-university-of-hong-kong-shenzhen/flow-grpo-algo/runs/f9la5w7l,102,51,0,0,102,art_guidance,42,80,True,True,True,0.0037845708829724795,0.8982891025892907,0.2870261781166,237.35560262085937,0.31952539253705275,188.61461745899703,58,22,DiffusionART,
f9la5w7l,https://wandb.ai/vanzl3386-chinese-university-of-hong-kong-shenzhen/flow-grpo-algo/runs/f9la5w7l,103,51,1,8,103,art_guidance,42,80,True,True,True,0.0031023678843329983,0.6366995057771732,0.17984864108488177,205.23017563214043,0.28247020682912816,177.10161459542408,48,32,DiffusionART,
f9la5w7l,https://wandb.ai/vanzl3386-chinese-university-of-hong-kong-shenzhen/flow-grpo-algo/runs/f9la5w7l,104,52,0,0,104,art_guidance,42,80,True,True,True,0.004427424513976192,1.2114348506961083,0.37990492213353605,273.6206674720108,0.31359913569866105,216.8885419571416,68,12,DiffusionART,
f9la5w7l,https://wandb.ai/vanzl3386-chinese-university-of-hong-kong-shenzhen/flow-grpo-algo/runs/f9la5w7l,105,52,1,8,105,art_guidance,42,80,True,True,True,0.0029299406548360246,0.5127665521962399,0.18219220054149093,175.00919390633086,0.3553121781464492,147.17181844607165,47,33,DiffusionART,
f9la5w7l,https://wandb.ai/vanzl3386-chinese-university-of-hong-kong-shenzhen/flow-grpo-algo/runs/f9la5w7l,106,53,0,0,106,art_guidance,42,80,True,True,True,0.00500663516530657,1.4830189338270192,0.42579862288764103,296.21070536626763,0.28711610699995727,235.12525826469047,77,3,DiffusionART,
f9la5w7l,https://wandb.ai/vanzl3386-chinese-university-of-hong-kong-shenzhen/flow-grpo-algo/runs/f9la5w7l,107,53,1,8,107,art_guidance,42,80,True,True,True,0.002491399173884854,0.7187629175257186,0.23291458114447283,288.49769441199066,0.3240492455374045,233.98721173357515,38,42,DiffusionART,
f9la5w7l,https://wandb.ai/vanzl3386-chinese-university-of-hong-kong-shenzhen/flow-grpo-algo/runs/f9la5w7l,108,54,0,0,108,art_guidance,42,80,True,True,True,0.0044545776290826535,1.5297430489280317,0.6448907257527942,343.40922446626143,0.4215680052965115,256.6839557215921,69,11,DiffusionART,
f9la5w7l,https://wandb.ai/vanzl3386-chinese-university-of-hong-kong-shenzhen/flow-grpo-algo/runs/f9la5w7l,109,54,1,8,109,art_guidance,42,80,True,True,True,0.0012458347975370075,0.34960996887698953,0.1388933880542556,280.623056578739,0.39728097142197144,219.30394249086024,22,58,DiffusionART,
f9la5w7l,https://wandb.ai/vanzl3386-chinese-university-of-hong-kong-shenzhen/flow-grpo-algo/runs/f9la5w7l,110,55,0,0,110,art_guidance,42,80,True,True,True,0.005097431342402664,1.5573853250010274,0.37967700259274195,305.52355105717953,0.24379130617048256,237.5825770624681,79,1,DiffusionART,
f9la5w7l,https://wandb.ai/vanzl3386-chinese-university-of-hong-kong-shenzhen/flow-grpo-algo/runs/f9la5w7l,111,55,1,8,111,art_guidance,42,80,True,True,True,0.0023313797376282247,0.6251579015676321,0.21737621071244373,268.14932440119003,0.3477140897801275,212.3365705101078,38,42,DiffusionART,
f9la5w7l,https://wandb.ai/vanzl3386-chinese-university-of-hong-kong-shenzhen/flow-grpo-algo/runs/f9la5w7l,112,56,0,0,112,art_guidance,42,80,True,True,True,0.0031234722315396433,0.8845616486825338,0.271713071437186,283.19817917718757,0.3071725660295983,222.6669183167982,48,32,DiffusionART,
f9la5w7l,https://wandb.ai/vanzl3386-chinese-university-of-hong-kong-shenzhen/flow-grpo-algo/runs/f9la5w7l,113,56,1,8,113,art_guidance,42,80,True,True,True,0.003250347367906118,0.699215005865679,0.21022503144753474,215.12008616977914,0.3006586381641808,179.08990536831874,52,28,DiffusionART,
f9la5w7l,https://wandb.ai/vanzl3386-chinese-university-of-hong-kong-shenzhen/flow-grpo-algo/runs/f9la5w7l,114,57,0,0,114,art_guidance,42,80,True,True,True,0.005097431279409715,1.1682301302657685,0.31740119218854984,229.18016275857474,0.27169406435043936,188.30774374515974,79,1,DiffusionART,
f9la5w7l,https://wandb.ai/vanzl3386-chinese-university-of-hong-kong-shenzhen/flow-grpo-algo/runs/f9la5w7l,115,57,1,8,115,art_guidance,42,80,True,True,True,0.003418104800878978,0.7581807047538901,0.24581633614475124,221.81318272012058,0.32421866529107285,178.6078398739613,54,26,DiffusionART,
f9la5w7l,https://wandb.ai/vanzl3386-chinese-university-of-hong-kong-shenzhen/flow-grpo-algo/runs/f9la5w7l,116,58,0,0,116,art_guidance,42,80,True,True,True,0.004427424562395902,1.0493593902620657,0.3214494430787982,237.01349971600752,0.3063292195808338,191.54897065175942,68,12,DiffusionART,
f9la5w7l,https://wandb.ai/vanzl3386-chinese-university-of-hong-kong-shenzhen/flow-grpo-algo/runs/f9la5w7l,117,58,1,8,117,art_guidance,42,80,True,True,True,0.0021134640958717925,0.6954661133828383,0.3160019533747808,329.0645508202789,0.4543743358503924,248.91380102071128,36,44,DiffusionART,
f9la5w7l,https://wandb.ai/vanzl3386-chinese-university-of-hong-kong-shenzhen/flow-grpo-algo/runs/f9la5w7l,118,59,0,0,118,art_guidance,42,80,True,True,True,0.0038117239385306026,1.0196417859322988,0.29566570601358316,267.5014776451426,0.289970173930489,207.74778553974858,59,21,DiffusionART,
f9la5w7l,https://wandb.ai/vanzl3386-chinese-university-of-hong-kong-shenzhen/flow-grpo-algo/runs/f9la5w7l,119,59,1,8,119,art_guidance,42,80,True,True,True,0.0010707296885931511,0.18781435240822228,0.0988664724400654,175.4078124563769,0.5264053102032108,151.77650520958102,22,58,DiffusionART,
f9la5w7l,https://wandb.ai/vanzl3386-chinese-university-of-hong-kong-shenzhen/flow-grpo-algo/runs/f9la5w7l,120,60,0,0,120,art_guidance,42,80,True,True,True,0.0044545775826149315,1.2779950701557408,0.3189029354710606,286.89478327719024,0.24953377592622325,227.79677252845792,69,11,DiffusionART,
f9la5w7l,https://wandb.ai/vanzl3386-chinese-university-of-hong-kong-shenzhen/flow-grpo-algo/runs/f9la5w7l,121,60,1,8,121,art_guidance,42,80,True,True,True,0.0006685990858582235,0.17583793152998145,0.1050695901490398,262.994573652869,0.597536545356397,153.41688872038418,18,62,DiffusionART,
f9la5w7l,https://wandb.ai/vanzl3386-chinese-university-of-hong-kong-shenzhen/flow-grpo-algo/runs/f9la5w7l,122,61,0,0,122,art_guidance,42,80,True,True,True,0.0044545775436253135,1.0104019675019518,0.2790474337289387,226.8232975196221,0.27617467374775245,181.86108311151636,69,11,DiffusionART,
f9la5w7l,https://wandb.ai/vanzl3386-chinese-university-of-hong-kong-shenzhen/flow-grpo-algo/runs/f9la5w7l,123,61,1,8,123,art_guidance,42,80,True,True,True,0.0018596702678579657,0.409566016034263,0.14710178071306662,220.23582519605247,0.35916500626057934,184.26395627173696,31,49,DiffusionART,
f9la5w7l,https://wandb.ai/vanzl3386-chinese-university-of-hong-kong-shenzhen/flow-grpo-algo/runs/f9la5w7l,124,62,0,0,124,art_guidance,42,80,True,True,True,0.0050066352913484945,1.2269842043403643,0.3234558673445359,245.07161655265816,0.26361860747704424,201.02540723818095,77,3,DiffusionART,
f9la5w7l,https://wandb.ai/vanzl3386-chinese-university-of-hong-kong-shenzhen/flow-grpo-algo/runs/f9la5w7l,125,62,1,8,125,art_guidance,42,80,True,True,True,0.0018802481285397805,0.6160288246954013,0.27764621973540204,327.63166485575255,0.4507032927764146,267.6982770478979,29,51,DiffusionART,
f9la5w7l,https://wandb.ai/vanzl3386-chinese-university-of-hong-kong-shenzhen/flow-grpo-algo/runs/f9la5w7l,126,63,0,0,126,art_guidance,42,80,True,True,True,0.005043124824273314,1.0815669118356872,0.3348451448065224,214.46364100090165,0.3095926300465379,184.25426165721808,77,3,DiffusionART,
f9la5w7l,https://wandb.ai/vanzl3386-chinese-university-of-hong-kong-shenzhen/flow-grpo-algo/runs/f9la5w7l,127,63,1,8,127,art_guidance,42,80,True,True,True,0.002693769952767047,0.645895087677774,0.2582139633807122,239.77366256324487,0.39977694258224594,187.0575579798992,44,36,DiffusionART,
f9la5w7l,https://wandb.ai/vanzl3386-chinese-university-of-hong-kong-shenzhen/flow-grpo-algo/runs/f9la5w7l,128,64,0,0,128,art_guidance,42,80,True,True,True,0.003766325689675886,1.696023394049001,0.8589565578940963,450.3124620098783,0.5064532487629587,339.5122456997506,58,22,DiffusionART,
f9la5w7l,https://wandb.ai/vanzl3386-chinese-university-of-hong-kong-shenzhen/flow-grpo-algo/runs/f9la5w7l,129,64,1,8,129,art_guidance,42,80,True,True,True,0.0018100272054393227,0.4806385916245808,0.22269905857081035,265.5421919517072,0.4633399449221861,199.85009275560284,30,50,DiffusionART,
f9la5w7l,https://wandb.ai/vanzl3386-chinese-university-of-hong-kong-shenzhen/flow-grpo-algo/runs/f9la5w7l,130,65,0,0,130,art_guidance,42,80,True,True,True,0.004382026400398469,0.9660324467662343,0.2645260846793516,220.45336072790215,0.2738273290559184,188.14979263099136,67,13,DiffusionART,
f9la5w7l,https://wandb.ai/vanzl3386-chinese-university-of-hong-kong-shenzhen/flow-grpo-algo/runs/f9la5w7l,131,65,1,8,131,art_guidance,42,80,True,True,True,0.002611735088491895,0.6415704261948931,0.2136265893587533,245.64912001291748,0.332974496074822,206.9581076998029,42,38,DiffusionART,
f9la5w7l,https://wandb.ai/vanzl3386-chinese-university-of-hong-kong-shenzhen/flow-grpo-algo/runs/f9la5w7l,132,66,0,0,132,art_guidance,42,80,True,True,True,0.0036848662941509056,0.8417795298221586,0.2850163435662159,228.44235384017583,0.33858787659808126,194.2038208264591,55,25,DiffusionART,
f9la5w7l,https://wandb.ai/vanzl3386-chinese-university-of-hong-kong-shenzhen/flow-grpo-algo/runs/f9la5w7l,133,66,1,8,133,art_guidance,42,80,True,True,True,0.002332794124464146,0.5902127853251692,0.16473301833224407,253.00680378760123,0.27910784454031573,200.77299441473187,38,42,DiffusionART,
f9la5w7l,https://wandb.ai/vanzl3386-chinese-university-of-hong-kong-shenzhen/flow-grpo-algo/runs/f9la5w7l,134,67,0,0,134,art_guidance,42,80,True,True,True,0.0037845707504597314,0.8361410308515163,0.25643555651543304,220.93417879688096,0.3066893586770668,182.05652669627014,58,22,DiffusionART,
f9la5w7l,https://wandb.ai/vanzl3386-chinese-university-of-hong-kong-shenzhen/flow-grpo-algo/runs/f9la5w7l,135,67,1,8,135,art_guidance,42,80,True,True,True,0.0011192453376687912,0.33246675096149625,0.13829543530299335,297.04546427146283,0.4159677167808268,225.12324782123056,20,60,DiffusionART,
f9la5w7l,https://wandb.ai/vanzl3386-chinese-university-of-hong-kong-shenzhen/flow-grpo-algo/runs/f9la5w7l,136,68,0,0,136,art_guidance,42,80,True,True,True,0.004499975717046337,0.9658519482437384,0.2595236057186704,214.6349244919254,0.2686991584896385,172.9753187382288,70,10,DiffusionART,
f9la5w7l,https://wandb.ai/vanzl3386-chinese-university-of-hong-kong-shenzhen/flow-grpo-algo/runs/f9la5w7l,137,68,1,8,137,art_guidance,42,80,True,True,True,0.002970765588147492,0.7185841402635779,0.19922254639356712,241.88517031788837,0.2772431719972166,185.32200639550953,47,33,DiffusionART,
f9la5w7l,https://wandb.ai/vanzl3386-chinese-university-of-hong-kong-shenzhen/flow-grpo-algo/runs/f9la5w7l,138,69,0,0,138,art_guidance,42,80,True,True,True,0.0038299688033838104,0.9578381711039734,0.24281773026822653,250.09033239584488,0.2535060071664952,196.02008268842405,59,21,DiffusionART,
f9la5w7l,https://wandb.ai/vanzl3386-chinese-university-of-hong-kong-shenzhen/flow-grpo-algo/runs/f9la5w7l,139,69,1,8,139,art_guidance,42,80,True,True,True,0.002992674617409089,0.582033389640632,0.18741149392122186,194.48602472678036,0.32199440316806627,161.45583087329715,48,32,DiffusionART,
f9la5w7l,https://wandb.ai/vanzl3386-chinese-university-of-hong-kong-shenzhen/flow-grpo-algo/runs/f9la5w7l,140,70,0,0,140,art_guidance,42,80,True,True,True,0.0031688703367142275,0.7065307503890537,0.2122441916439372,222.9598170058447,0.3004033320942708,188.80861271684398,49,31,DiffusionART,
f9la5w7l,https://wandb.ai/vanzl3386-chinese-university-of-hong-kong-shenzhen/flow-grpo-algo/runs/f9la5w7l,141,70,1,8,141,art_guidance,42,80,True,True,True,0.0023440350906501085,0.3953758742319152,0.1606536206372602,168.67318915531223,0.4063313699890191,136.7863362189975,41,39,DiffusionART,
f9la5w7l,https://wandb.ai/vanzl3386-chinese-university-of-hong-kong-shenzhen/flow-grpo-algo/runs/f9la5w7l,142,71,0,0,142,art_guidance,42,80,True,True,True,0.0038571220397119617,1.0454550124102568,0.36488048179920546,271.0453549684231,0.34901595713620176,209.9945508015618,60,20,DiffusionART,
f9la5w7l,https://wandb.ai/vanzl3386-chinese-university-of-hong-kong-shenzhen/flow-grpo-algo/runs/f9la5w7l,143,71,1,8,143,art_guidance,42,80,True,True,True,0.0013010258700039369,0.18101675512720322,0.0832085766278111,139.13386297741755,0.45967334111883273,124.88596367986888,24,56,DiffusionART,
f9la5w7l,https://wandb.ai/vanzl3386-chinese-university-of-hong-kong-shenzhen/flow-grpo-algo/runs/f9la5w7l,144,72,0,0,144,art_guidance,42,80,True,True,True,0.004363781379298161,1.1389801728551368,0.3292721831996236,261.0076156102765,0.28909386752029326,213.77935987488274,67,13,DiffusionART,
f9la5w7l,https://wandb.ai/vanzl3386-chinese-university-of-hong-kong-shenzhen/flow-grpo-algo/runs/f9la5w7l,145,72,1,8,145,art_guidance,42,80,True,True,True,0.0021097027767623335,0.5356303764075909,0.20924381872229608,253.88902280803694,0.390649649345262,189.02724094753802,38,42,DiffusionART,
f9la5w7l,https://wandb.ai/vanzl3386-chinese-university-of-hong-kong-shenzhen/flow-grpo-algo/runs/f9la5w7l,146,73,0,0,146,art_guidance,42,80,True,True,True,0.00447282233628016,0.9907987080024565,0.23767434787008918,221.51532824495283,0.23988156822414822,180.41072743741952,69,11,DiffusionART,
f9la5w7l,https://wandb.ai/vanzl3386-chinese-university-of-hong-kong-shenzhen/flow-grpo-algo/runs/f9la5w7l,147,73,1,8,147,art_guidance,42,80,True,True,True,0.0011336065401516644,0.22633356550769007,0.10341299027672754,199.6579566993404,0.45690523208416434,164.75209722065352,21,59,DiffusionART,
f9la5w7l,https://wandb.ai/vanzl3386-chinese-university-of-hong-kong-shenzhen/flow-grpo-algo/runs/f9la5w7l,148,74,0,0,148,art_guidance,42,80,True,True,True,0.003829968735305735,0.719585904340636,0.2135722805368358,187.8829708731796,0.296798866193098,156.05944624899388,59,21,DiffusionART,
f9la5w7l,https://wandb.ai/vanzl3386-chinese-university-of-hong-kong-shenzhen/flow-grpo-algo/runs/f9la5w7l,149,74,1,8,149,art_guidance,42,80,True,True,True,0.0017620989534640145,0.4111999765725079,0.13646362186843727,233.35805050230138,0.33186680360711135,191.3316481140937,30,50,DiffusionART,
f9la5w7l,https://wandb.ai/vanzl3386-chinese-university-of-hong-kong-shenzhen/flow-grpo-algo/runs/f9la5w7l,150,75,0,0,150,art_guidance,42,80,True,True,True,0.004454577637417326,0.9994129217678157,0.2766265639138439,224.35638193237443,0.27678906074631476,187.264772029123,69,11,DiffusionART,
f9la5w7l,https://wandb.ai/vanzl3386-chinese-university-of-hong-kong-shenzhen/flow-grpo-algo/runs/f9la5w7l,151,75,1,8,151,art_guidance,42,80,True,True,True,0.0022870688273779467,0.7310702468433933,0.23475731871895586,319.65380232196276,0.32111458472368193,263.4041331142047,36,44,DiffusionART,
f9la5w7l,https://wandb.ai/vanzl3386-chinese-university-of-hong-kong-shenzhen/flow-grpo-algo/runs/f9la5w7l,152,76,0,0,152,art_guidance,42,80,True,True,True,0.0031688702423963524,0.8609279749674718,0.2538140580633656,271.6829371708271,0.2948145088129531,222.76582711814424,49,31,DiffusionART,
f9la5w7l,https://wandb.ai/vanzl3386-chinese-university-of-hong-kong-shenzhen/flow-grpo-algo/runs/f9la5w7l,153,76,1,8,153,art_guidance,42,80,True,True,True,0.0032709211806752096,0.9114682762575139,0.28457988995468736,278.6579761207702,0.31222138758703877,233.17184275767733,50,30,DiffusionART,
f9la5w7l,https://wandb.ai/vanzl3386-chinese-university-of-hong-kong-shenzhen/flow-grpo-algo/runs/f9la5w7l,154,77,0,0,154,art_guidance,42,80,True,True,True,0.004409179539118322,1.0857738819798388,0.23068379447691417,246.2530437571963,0.212460253746643,197.5385270436934,68,12,DiffusionART,
f9la5w7l,https://wandb.ai/vanzl3386-chinese-university-of-hong-kong-shenzhen/flow-grpo-algo/runs/f9la5w7l,155,77,1,8,155,art_guidance,42,80,True,True,True,0.000996502225412947,0.1794411700002035,0.10419285647504188,180.07101783023484,0.5806519009819414,154.86978020042645,21,59,DiffusionART,
f9la5w7l,https://wandb.ai/vanzl3386-chinese-university-of-hong-kong-shenzhen/flow-grpo-algo/runs/f9la5w7l,156,78,0,0,156,art_guidance,42,80,True,True,True,0.0037663259990834965,0.8840581756431396,0.31701310605095767,234.72693969089974,0.35858851236835765,190.63959546124983,58,22,DiffusionART,
f9la5w7l,https://wandb.ai/vanzl3386-chinese-university-of-hong-kong-shenzhen/flow-grpo-algo/runs/f9la5w7l,157,78,1,8,157,art_guidance,42,80,True,True,True,0.002321113388966639,0.7275321185138907,0.2866757701333865,313.4410072218783,0.39403864494528573,237.45661846052826,38,42,DiffusionART,
f9la5w7l,https://wandb.ai/vanzl3386-chinese-university-of-hong-kong-shenzhen/flow-grpo-algo/runs/f9la5w7l,158,79,0,0,158,art_guidance,42,80,True,True,True,0.004454577474683871,1.3559260676795566,0.342570607298618,304.38937820377294,0.2526469661320628,239.09682463586728,69,11,DiffusionART,
f9la5w7l,https://wandb.ai/vanzl3386-chinese-university-of-hong-kong-shenzhen/flow-grpo-algo/runs/f9la5w7l,159,79,1,8,159,art_guidance,42,80,True,True,True,0.0033799589921390217,0.9089985158495301,0.312724460338797,268.93773503277515,0.3440318712143678,216.65459934245686,52,28,DiffusionART,
f9la5w7l,https://wandb.ai/vanzl3386-chinese-university-of-hong-kong-shenzhen/flow-grpo-algo/runs/f9la5w7l,160,80,0,0,160,art_guidance,42,80,True,True,True,0.004870440892712287,1.3538528515407282,0.3586481545561673,277.97336655219823,0.26490925815757166,225.33083159924468,74,6,DiffusionART,
f9la5w7l,https://wandb.ai/vanzl3386-chinese-university-of-hong-kong-shenzhen/flow-grpo-algo/runs/f9la5w7l,161,80,1,8,161,art_guidance,42,80,True,True,True,0.0017648628896106161,0.40383461582817465,0.14630637436672927,228.8192574083039,0.3622928016378377,170.6569404113594,30,50,DiffusionART,
f9la5w7l,https://wandb.ai/vanzl3386-chinese-university-of-hong-kong-shenzhen/flow-grpo-algo/runs/f9la5w7l,162,81,0,0,162,art_guidance,42,80,True,True,True,0.004454577559244009,1.119095526900372,0.24330508525789146,251.22371583317874,0.21741225785415172,205.46738406762418,69,11,DiffusionART,
f9la5w7l,https://wandb.ai/vanzl3386-chinese-university-of-hong-kong-shenzhen/flow-grpo-algo/runs/f9la5w7l,163,81,1,8,163,art_guidance,42,80,True,True,True,0.001702588319549847,0.43390932477419347,0.15588014033452022,254.85275553218656,0.3592458871807843,184.33298203727804,31,49,DiffusionART,
f9la5w7l,https://wandb.ai/vanzl3386-chinese-university-of-hong-kong-shenzhen/flow-grpo-algo/runs/f9la5w7l,164,82,0,0,164,art_guidance,42,80,True,True,True,0.0050974312597298725,1.3236450265873674,0.3371339347033341,259.6690291920702,0.25470116831287887,209.91146571336532,79,1,DiffusionART,
f9la5w7l,https://wandb.ai/vanzl3386-chinese-university-of-hong-kong-shenzhen/flow-grpo-algo/runs/f9la5w7l,165,82,1,8,165,art_guidance,42,80,True,True,True,0.0029579733961576813,0.939200862217094,0.33883096348464947,317.51497949139355,0.36076517507106964,243.3963798511621,47,33,DiffusionART,
f9la5w7l,https://wandb.ai/vanzl3386-chinese-university-of-hong-kong-shenzhen/flow-grpo-algo/runs/f9la5w7l,166,83,0,0,166,art_guidance,42,80,True,True,True,0.004409179605969946,1.2012310404962432,0.3756882835702358,272.43867291543285,0.3127527269150774,214.6043834208242,68,12,DiffusionART,
f9la5w7l,https://wandb.ai/vanzl3386-chinese-university-of-hong-kong-shenzhen/flow-grpo-algo/runs/f9la5w7l,167,83,1,8,167,art_guidance,42,80,True,True,True,0.0012479483979519889,0.4136584590036182,0.14489105078690848,331.4708041474103,0.35026734648653984,228.51877339091962,22,58,DiffusionART,
f9la5w7l,https://wandb.ai/vanzl3386-chinese-university-of-hong-kong-shenzhen/flow-grpo-algo/runs/f9la5w7l,168,84,0,0,168,art_guidance,42,80,True,True,True,0.0032142683466740733,0.8917330801690942,0.21811055976018742,277.42956840918544,0.24459175577385597,216.01754913738267,50,30,DiffusionART,
f9la5w7l,https://wandb.ai/vanzl3386-chinese-university-of-hong-kong-shenzhen/flow-grpo-algo/runs/f9la5w7l,169,84,1,8,169,art_guidance,42,80,True,True,True,0.0017696890512196198,0.48138093822048855,0.12642231188522768,272.0144185153513,0.2626242583525857,212.23702653546954,29,51,DiffusionART,
f9la5w7l,https://wandb.ai/vanzl3386-chinese-university-of-hong-kong-shenzhen/flow-grpo-algo/runs/f9la5w7l,170,85,0,0,170,art_guidance,42,80,True,True,True,0.0024670771525120085,1.0358988557418267,0.3568610611772799,419.8891204869948,0.34449411658218787,328.32389560868376,38,42,DiffusionART,
f9la5w7l,https://wandb.ai/vanzl3386-chinese-university-of-hong-kong-shenzhen/flow-grpo-algo/runs/f9la5w7l,171,85,1,8,171,art_guidance,42,80,True,True,True,0.0019583300189287916,0.5148645419318798,0.22349370101409421,262.9099982920709,0.4340825262029095,194.59098348421895,34,46,DiffusionART,
f9la5w7l,https://wandb.ai/vanzl3386-chinese-university-of-hong-kong-shenzhen/flow-grpo-algo/runs/f9la5w7l,172,86,0,0,172,art_guidance,42,80,True,True,True,0.0038117239526485962,1.2433314050484283,0.35344152026843134,326.18610909231586,0.2842697601245459,257.4855250082936,59,21,DiffusionART,
f9la5w7l,https://wandb.ai/vanzl3386-chinese-university-of-hong-kong-shenzhen/flow-grpo-algo/runs/f9la5w7l,173,86,1,8,173,art_guidance,42,80,True,True,True,0.0030300232577596415,0.8747652169322006,0.24667843172416015,288.6991757215059,0.2819938732695166,226.0519572449101,48,32,DiffusionART,
f9la5w7l,https://wandb.ai/vanzl3386-chinese-university-of-hong-kong-shenzhen/flow-grpo-algo/runs/f9la5w7l,174,87,0,0,174,art_guidance,42,80,True,True,True,0.005088522925759145,1.4205761813550613,0.2850274503778034,279.1726011813396,0.2006421437433373,230.85759630110837,78,2,DiffusionART,
f9la5w7l,https://wandb.ai/vanzl3386-chinese-university-of-hong-kong-shenzhen/flow-grpo-algo/runs/f9la5w7l,175,87,1,8,175,art_guidance,42,80,True,True,True,0.002532923227122813,0.8509338796548546,0.28468824840544044,335.9493373280972,0.3345597762788716,282.01838594384736,37,43,DiffusionART,
f9la5w7l,https://wandb.ai/vanzl3386-chinese-university-of-hong-kong-shenzhen/flow-grpo-algo/runs/f9la5w7l,176,88,0,0,176,art_guidance,42,80,True,True,True,0.003802815707623122,1.0716430134846342,0.27012023347364766,281.80251052829595,0.25206176877438374,232.67413000695018,58,22,DiffusionART,
f9la5w7l,https://wandb.ai/vanzl3386-chinese-university-of-hong-kong-shenzhen/flow-grpo-algo/runs/f9la5w7l,177,88,1,8,177,art_guidance,42,80,True,True,True,0.002114804046761928,0.6550631659385576,0.20459875816901874,309.75123531731197,0.3123343958378043,240.71880248805175,33,47,DiffusionART,
f9la5w7l,https://wandb.ai/vanzl3386-chinese-university-of-hong-kong-shenzhen/flow-grpo-algo/runs/f9la5w7l,178,89,0,0,178,art_guidance,42,80,True,True,True,0.004382026275501634,1.2990424865821193,0.4120375151511066,296.44789987787345,0.31718555736788023,242.69918489029376,67,13,DiffusionART,
f9la5w7l,https://wandb.ai/vanzl3386-chinese-university-of-hong-kong-shenzhen/flow-grpo-algo/runs/f9la5w7l,179,89,1,8,179,art_guidance,42,80,True,True,True,0.002725069218289489,0.7727479091793152,0.21136309064967027,283.57001135712983,0.27352140088498605,226.3922027917191,42,38,DiffusionART,
f9la5w7l,https://wandb.ai/vanzl3386-chinese-university-of-hong-kong-shenzhen/flow-grpo-algo/runs/f9la5w7l,180,90,0,0,180,art_guidance,42,80,True,True,True,0.0037663259075863655,1.056986811522397,0.3171058908261006,280.64135644590635,0.3000093164543532,225.81555633153653,58,22,DiffusionART,
f9la5w7l,https://wandb.ai/vanzl3386-chinese-university-of-hong-kong-shenzhen/flow-grpo-algo/runs/f9la5w7l,181,90,1,8,181,art_guidance,42,80,True,True,True,0.0020306190924208383,0.4151099712601195,0.12293390443488186,204.42532664520496,0.2961477992487153,173.23421696733124,35,45,DiffusionART,
f9la5w7l,https://wandb.ai/vanzl3386-chinese-university-of-hong-kong-shenzhen/flow-grpo-algo/runs/f9la5w7l,182,91,0,0,182,art_guidance,42,80,True,True,True,0.004979482121038884,1.5291192322657081,0.3306401825283344,307.0839888760728,0.21622917006832895,252.0352761411148,76,4,DiffusionART,
f9la5w7l,https://wandb.ai/vanzl3386-chinese-university-of-hong-kong-shenzhen/flow-grpo-algo/runs/f9la5w7l,183,91,1,8,183,art_guidance,42,80,True,True,True,0.0030120450825674243,0.9564506287970855,0.3036222457165148,317.5419366505035,0.31744685671687645,258.43260162467703,45,35,DiffusionART,
f9la5w7l,https://wandb.ai/vanzl3386-chinese-university-of-hong-kong-shenzhen/flow-grpo-algo/runs/f9la5w7l,184,92,0,0,184,art_guidance,42,80,True,True,True,0.004427424544497683,1.1067485985394316,0.30240058349611215,249.975711029311,0.27323331052344507,209.4284392122567,68,12,DiffusionART,
f9la5w7l,https://wandb.ai/vanzl3386-chinese-university-of-hong-kong-shenzhen/flow-grpo-algo/runs/f9la5w7l,185,92,1,8,185,art_guidance,42,80,True,True,True,0.002145263886189533,0.8637354051367273,0.26929937224946854,402.6243161492426,0.31178457042274316,329.23026339078484,31,49,DiffusionART,
f9la5w7l,https://wandb.ai/vanzl3386-chinese-university-of-hong-kong-shenzhen/flow-grpo-algo/runs/f9la5w7l,186,93,0,0,186,art_guidance,42,80,True,True,True,0.003784570812658504,0.9648699606927567,0.3261029860154116,254.94831738000315,0.3379760996821545,210.61545139169064,58,22,DiffusionART,
f9la5w7l,https://wandb.ai/vanzl3386-chinese-university-of-hong-kong-shenzhen/flow-grpo-algo/runs/f9la5w7l,187,93,1,8,187,art_guidance,42,80,True,True,True,0.002581667249732885,0.7724611957847632,0.24084893567313906,299.21020838943775,0.31179421955099557,236.2803141137856,40,40,DiffusionART,
f9la5w7l,https://wandb.ai/vanzl3386-chinese-university-of-hong-kong-shenzhen/flow-grpo-algo/runs/f9la5w7l,188,94,0,0,188,art_guidance,42,80,True,True,True,0.0049206782391835275,1.4707512038043902,0.4071756943198051,298.89196820323434,0.27684879214551333,247.17993401365717,75,5,DiffusionART,
f9la5w7l,https://wandb.ai/vanzl3386-chinese-university-of-hong-kong-shenzhen/flow-grpo-algo/runs/f9la5w7l,189,94,1,8,189,art_guidance,42,80,True,True,True,0.0031840325864550987,1.0059034235135957,0.31442851511926984,315.9212087818188,0.3125832040823351,253.83428735018592,48,32,DiffusionART,
f9la5w7l,https://wandb.ai/vanzl3386-chinese-university-of-hong-kong-shenzhen/flow-grpo-algo/runs/f9la5w7l,190,95,0,0,190,art_guidance,42,80,True,True,True,0.005052033213297347,1.3854254587512644,0.37996871898333423,274.2312649696594,0.27426139499833807,223.54524856432704,78,2,DiffusionART,
f9la5w7l,https://wandb.ai/vanzl3386-chinese-university-of-hong-kong-shenzhen/flow-grpo-algo/runs/f9la5w7l,191,95,1,8,191,art_guidance,42,80,True,True,True,0.002866745268727743,0.8999600935560512,0.23767462670244802,313.9309597449696,0.2640946286443813,254.57567547839656,44,36,DiffusionART,
f9la5w7l,https://wandb.ai/vanzl3386-chinese-university-of-hong-kong-shenzhen/flow-grpo-algo/runs/f9la5w7l,192,96,0,0,192,art_guidance,42,80,True,True,True,0.004382026538348975,1.4403849087586142,0.3389362059221979,328.7029177375341,0.2353094675327498,268.1350236290566,67,13,DiffusionART,
f9la5w7l,https://wandb.ai/vanzl3386-chinese-university-of-hong-kong-shenzhen/flow-grpo-algo/runs/f9la5w7l,193,96,1,8,193,art_guidance,42,80,True,True,True,0.00373597254784446,1.0942483994058267,0.24567540515657652,292.8951927222201,0.22451520631876404,241.7125371155355,57,23,DiffusionART,
f9la5w7l,https://wandb.ai/vanzl3386-chinese-university-of-hong-kong-shenzhen/flow-grpo-algo/runs/f9la5w7l,194,97,0,0,194,art_guidance,42,80,True,True,True,0.0025714146780981234,0.6113487159723733,0.1838263855778582,237.74800742155702,0.30068990213789093,194.6286681769836,40,40,DiffusionART,
f9la5w7l,https://wandb.ai/vanzl3386-chinese-university-of-hong-kong-shenzhen/flow-grpo-algo/runs/f9la5w7l,195,97,1,8,195,art_guidance,42,80,True,True,True,0.004464369303356151,1.242408719654991,0.2953171561655513,278.2943424328702,0.23769726620041676,229.05543630869732,67,13,DiffusionART,
f9la5w7l,https://wandb.ai/vanzl3386-chinese-university-of-hong-kong-shenzhen/flow-grpo-algo/runs/f9la5w7l,196,98,0,0,196,art_guidance,42,80,True,True,True,0.0050114744564191864,1.483066107815746,0.4244967304729716,295.9340850108674,0.2862291358664845,237.56775079428448,77,3,DiffusionART,
f9la5w7l,https://wandb.ai/vanzl3386-chinese-university-of-hong-kong-shenzhen/flow-grpo-algo/runs/f9la5w7l,197,98,1,8,197,art_guidance,42,80,True,True,True,0.0028912607688966,0.7838370705460111,0.23911606096389323,271.105629412026,0.3050583723953346,220.31867532734995,44,36,DiffusionART,
f9la5w7l,https://wandb.ai/vanzl3386-chinese-university-of-hong-kong-shenzhen/flow-grpo-algo/runs/f9la5w7l,198,99,0,0,198,art_guidance,42,80,True,True,True,0.004445669189268418,1.2684894523230938,0.36021317432504363,285.33149866057335,0.2839701770206715,237.8615296342047,68,12,DiffusionART,
f9la5w7l,https://wandb.ai/vanzl3386-chinese-university-of-hong-kong-shenzhen/flow-grpo-algo/runs/f9la5w7l,199,99,1,8,199,art_guidance,42,80,True,True,True,0.002631478545274599,0.7306126630662074,0.23360035121082762,277.64340483724783,0.31973214128326566,226.4817311776462,39,41,DiffusionART,
f9la5w7l,https://wandb.ai/vanzl3386-chinese-university-of-hong-kong-shenzhen/flow-grpo-algo/runs/f9la5w7l,200,100,0,0,200,art_guidance,42,80,True,True,True,0.0036937745633008915,1.2051819128070365,0.3008585529428984,326.2738134538568,0.24963746115485336,263.9689751236679,56,24,DiffusionART,
f9la5w7l,https://wandb.ai/vanzl3386-chinese-university-of-hong-kong-shenzhen/flow-grpo-algo/runs/f9la5w7l,201,100,1,8,201,art_guidance,42,80,True,True,True,0.001242762038676383,0.36091112856374374,0.15776631471736674,290.4104867478379,0.4371334165981591,204.41475833676898,23,57,DiffusionART,
f9la5w7l,https://wandb.ai/vanzl3386-chinese-university-of-hong-kong-shenzhen/flow-grpo-algo/runs/f9la5w7l,202,101,0,0,202,art_guidance,42,80,True,True,True,0.004336628370311052,1.2560054126514482,0.3064668997665004,289.62717240199186,0.24400125722352078,235.63147918361508,66,14,DiffusionART,
f9la5w7l,https://wandb.ai/vanzl3386-chinese-university-of-hong-kong-shenzhen/flow-grpo-algo/runs/f9la5w7l,203,101,1,8,203,art_guidance,42,80,True,True,True,0.0021453164677891095,0.6576161114132916,0.19357855520048226,306.5357122303771,0.29436407022397915,238.2878741563753,34,46,DiffusionART,
f9la5w7l,https://wandb.ai/vanzl3386-chinese-university-of-hong-kong-shenzhen/flow-grpo-algo/runs/f9la5w7l,204,102,0,0,204,art_guidance,42,80,True,True,True,0.0043820264487544214,1.1710832014126866,0.3032624013930234,267.2469495809556,0.2589588861211532,217.635050048644,67,13,DiffusionART,
f9la5w7l,https://wandb.ai/vanzl3386-chinese-university-of-hong-kong-shenzhen/flow-grpo-algo/runs/f9la5w7l,205,102,1,8,205,art_guidance,42,80,True,True,True,0.0024027729487122325,0.6479085664106808,0.18240273042330463,269.650349925043,0.2815254186771896,208.99355418923687,40,40,DiffusionART,
f9la5w7l,https://wandb.ai/vanzl3386-chinese-university-of-hong-kong-shenzhen/flow-grpo-algo/runs/f9la5w7l,206,103,0,0,206,art_guidance,42,80,True,True,True,0.0037845707804926056,1.0721369993603285,0.26642164994328266,283.2915703113835,0.24849590127216803,232.39552117634992,58,22,DiffusionART,
f9la5w7l,https://wandb.ai/vanzl3386-chinese-university-of-hong-kong-shenzhen/flow-grpo-algo/runs/f9la5w7l,207,103,1,8,207,art_guidance,42,80,True,True,True,0.0031375618057618605,0.9596629266159941,0.27381225647003105,305.86263666699926,0.2853212819584059,243.964454498922,49,31,DiffusionART,
f9la5w7l,https://wandb.ai/vanzl3386-chinese-university-of-hong-kong-shenzhen/flow-grpo-algo/runs/f9la5w7l,208,104,0,0,208,art_guidance,42,80,True,True,True,0.004212310378223938,1.6083239643522909,0.35716723963603564,381.8151607884171,0.22207418875330576,306.0813136452577,64,16,DiffusionART,
f9la5w7l,https://wandb.ai/vanzl3386-chinese-university-of-hong-kong-shenzhen/flow-grpo-algo/runs/f9la5w7l,209,104,1,8,209,art_guidance,42,80,True,True,True,0.002629393530750891,0.8886111804853527,0.29153768007296454,337.9529043838436,0.3280823902235046,274.8656769112521,40,40,DiffusionART,
f9la5w7l,https://wandb.ai/vanzl3386-chinese-university-of-hong-kong-shenzhen/flow-grpo-algo/runs/f9la5w7l,210,105,0,0,210,art_guidance,42,80,True,True,True,0.00381172397368145,1.3391166116822686,0.3175045394173476,351.31521089364696,0.23709999312045102,284.64563263474497,59,21,DiffusionART,
f9la5w7l,https://wandb.ai/vanzl3386-chinese-university-of-hong-kong-shenzhen/flow-grpo-algo/runs/f9la5w7l,211,105,1,8,211,art_guidance,42,80,True,True,True,0.003190297308888036,0.998268861112684,0.2790134124672223,312.90778396469454,0.2794972610447151,245.75278837810717,52,28,DiffusionART,
f9la5w7l,https://wandb.ai/vanzl3386-chinese-university-of-hong-kong-shenzhen/flow-grpo-algo/runs/f9la5w7l,212,106,0,0,212,art_guidance,42,80,True,True,True,0.003693774680871414,1.0772339544773741,0.2773491312363929,291.6349933459502,0.25746415630850616,245.59404867033896,56,24,DiffusionART,
f9la5w7l,https://wandb.ai/vanzl3386-chinese-university-of-hong-kong-shenzhen/flow-grpo-algo/runs/f9la5w7l,213,106,1,8,213,art_guidance,42,80,True,True,True,0.002929499500788316,0.8014829933471621,0.1989400967555341,273.5904181350727,0.24821499446260023,221.83508501235653,46,34,DiffusionART,
f9la5w7l,https://wandb.ai/vanzl3386-chinese-university-of-hong-kong-shenzhen/flow-grpo-algo/runs/f9la5w7l,214,107,0,0,214,art_guidance,42,80,True,True,True,0.003766325902562049,1.3837752741917213,0.3431938109493981,367.40720532187777,0.24801267760031445,294.4951381247327,58,22,DiffusionART,
f9la5w7l,https://wandb.ai/vanzl3386-chinese-university-of-hong-kong-shenzhen/flow-grpo-algo/runs/f9la5w7l,215,107,1,8,215,art_guidance,42,80,True,True,True,0.0022397285846968195,0.8817046123501852,0.266199203611144,393.66583003606974,0.30191426911286035,317.32719497639897,33,47,DiffusionART,
f9la5w7l,https://wandb.ai/vanzl3386-chinese-university-of-hong-kong-shenzhen/flow-grpo-algo/runs/f9la5w7l,216,108,0,0,216,art_guidance,42,80,True,True,True,0.00502487995122188,1.7990673762313123,0.46056972180316863,358.0319119452476,0.25600470993363816,287.14969626133217,77,3,DiffusionART,
f9la5w7l,https://wandb.ai/vanzl3386-chinese-university-of-hong-kong-shenzhen/flow-grpo-algo/runs/f9la5w7l,217,108,1,8,217,art_guidance,42,80,True,True,True,0.002827179790247591,1.0200344355619246,0.3411495903285734,360.79574390017655,0.33444909155506913,284.1753100275426,44,36,DiffusionART,
f9la5w7l,https://wandb.ai/vanzl3386-chinese-university-of-hong-kong-shenzhen/flow-grpo-algo/runs/f9la5w7l,218,109,0,0,218,art_guidance,42,80,True,True,True,0.0042912301664520345,1.5174518090213065,0.40424297015769195,353.61696999719015,0.2663959196295083,287.70067507220364,65,15,DiffusionART,
f9la5w7l,https://wandb.ai/vanzl3386-chinese-university-of-hong-kong-shenzhen/flow-grpo-algo/runs/f9la5w7l,219,109,1,8,219,art_guidance,42,80,True,True,True,0.0021823137099264644,0.8344796332014237,0.2784685641538226,382.38298618833426,0.3337032481973192,296.88312397207176,34,46,DiffusionART,
f9la5w7l,https://wandb.ai/vanzl3386-chinese-university-of-hong-kong-shenzhen/flow-grpo-algo/runs/f9la5w7l,220,110,0,0,220,art_guidance,42,80,True,True,True,0.004957167885673611,1.720666439493602,0.42680744489990374,347.1067511081052,0.24804775353526082,284.36403600210053,75,5,DiffusionART,
f9la5w7l,https://wandb.ai/vanzl3386-chinese-university-of-hong-kong-shenzhen/flow-grpo-algo/runs/f9la5w7l,221,110,1,8,221,art_guidance,42,80,True,True,True,0.003564236641022797,1.190164225316248,0.312319878755051,333.91840811521354,0.2624174648436118,279.48610957467736,52,28,DiffusionART,
f9la5w7l,https://wandb.ai/vanzl3386-chinese-university-of-hong-kong-shenzhen/flow-grpo-algo/runs/f9la5w7l,222,111,0,0,222,art_guidance,42,80,True,True,True,0.004888686006044332,1.3552647192137042,0.3512192531248031,277.2247425050547,0.2591517717133322,233.30115653831967,74,6,DiffusionART,
f9la5w7l,https://wandb.ai/vanzl3386-chinese-university-of-hong-kong-shenzhen/flow-grpo-algo/runs/f9la5w7l,223,111,1,8,223,art_guidance,42,80,True,True,True,0.003284436113022969,1.1339651379596838,0.3410498486671838,345.2541315885092,0.30075867171792126,266.5921041562571,53,27,DiffusionART,
f9la5w7l,https://wandb.ai/vanzl3386-chinese-university-of-hong-kong-shenzhen/flow-grpo-algo/runs/f9la5w7l,224,112,0,0,224,art_guidance,42,80,True,True,True,0.004318383554601528,1.3963912003658696,0.31106202885645023,323.3596976067401,0.2227613785985966,264.56990307932176,66,14,DiffusionART,
f9la5w7l,https://wandb.ai/vanzl3386-chinese-university-of-hong-kong-shenzhen/flow-grpo-algo/runs/f9la5w7l,225,112,1,8,225,art_guidance,42,80,True,True,True,0.0016436838671870298,0.5802534730616328,0.20569002823146604,353.020118190165,0.3544830626280771,289.1228158510689,24,56,DiffusionART,
f9la5w7l,https://wandb.ai/vanzl3386-chinese-university-of-hong-kong-shenzhen/flow-grpo-algo/runs/f9la5w7l,226,113,0,0,226,art_guidance,42,80,True,True,True,0.004350375922649479,1.1994164796395652,0.3355783547817576,275.70410028131386,0.27978467903209214,222.93192633621612,67,13,DiffusionART,
f9la5w7l,https://wandb.ai/vanzl3386-chinese-university-of-hong-kong-shenzhen/flow-grpo-algo/runs/f9la5w7l,227,113,1,8,227,art_guidance,42,80,True,True,True,0.003016492317876323,0.8191291076812413,0.2639291829004739,271.55020512630585,0.32220706165307,218.37307521785166,50,30,DiffusionART,
f9la5w7l,https://wandb.ai/vanzl3386-chinese-university-of-hong-kong-shenzhen/flow-grpo-algo/runs/f9la5w7l,228,114,0,0,228,art_guidance,42,80,True,True,True,0.003693774713419095,1.0653435787175745,0.2918118657467875,288.4159596543052,0.2739133849176254,242.74621521295106,56,24,DiffusionART,
f9la5w7l,https://wandb.ai/vanzl3386-chinese-university-of-hong-kong-shenzhen/flow-grpo-algo/runs/f9la5w7l,229,114,1,8,229,art_guidance,42,80,True,True,True,0.0018231236491353948,0.489283493022619,0.16304955085474077,268.3764720262713,0.3332414708035188,207.7225237497681,30,50,DiffusionART,
f9la5w7l,https://wandb.ai/vanzl3386-chinese-university-of-hong-kong-shenzhen/flow-grpo-algo/runs/f9la5w7l,230,115,0,0,230,art_guidance,42,80,True,True,True,0.0049794821375168195,1.48033230892244,0.3940719108195996,297.28639807123716,0.26620503277838437,244.08229528438187,76,4,DiffusionART,
f9la5w7l,https://wandb.ai/vanzl3386-chinese-university-of-hong-kong-shenzhen/flow-grpo-algo/runs/f9la5w7l,231,115,1,8,231,art_guidance,42,80,True,True,True,0.002559931038830198,0.780743038363817,0.2377014311526358,304.98596505966435,0.3044553962988649,244.05738604252156,41,39,DiffusionART,
f9la5w7l,https://wandb.ai/vanzl3386-chinese-university-of-hong-kong-shenzhen/flow-grpo-algo/runs/f9la5w7l,232,116,0,0,232,art_guidance,42,80,True,True,True,0.004309475191832958,1.348149497277329,0.3598016231127067,312.8337993062951,0.26688555226208094,268.0102491665755,65,15,DiffusionART,
f9la5w7l,https://wandb.ai/vanzl3386-chinese-university-of-hong-kong-shenzhen/flow-grpo-algo/runs/f9la5w7l,233,116,1,8,233,art_guidance,42,80,True,True,True,0.003437927706322753,0.9234252659303275,0.24513770379290759,268.59938451644575,0.2654656666188764,224.73416443369322,52,28,DiffusionART,
f9la5w7l,https://wandb.ai/vanzl3386-chinese-university-of-hong-kong-shenzhen/flow-grpo-algo/runs/f9la5w7l,234,117,0,0,234,art_guidance,42,80,True,True,True,0.0044999755854046655,1.2354676086007335,0.36398391798098995,274.5498470275884,0.29461227105195503,229.11819784383067,70,10,DiffusionART,
f9la5w7l,https://wandb.ai/vanzl3386-chinese-university-of-hong-kong-shenzhen/flow-grpo-algo/runs/f9la5w7l,235,117,1,8,235,art_guidance,42,80,True,True,True,0.0022098729860568845,0.8706355768132397,0.2306565464547173,393.97539238973644,0.26492892387763695,323.017184874406,33,47,DiffusionART,
f9la5w7l,https://wandb.ai/vanzl3386-chinese-university-of-hong-kong-shenzhen/flow-grpo-algo/runs/f9la5w7l,236,118,0,0,236,art_guidance,42,80,True,True,True,0.0051428291953054765,2.108495583844047,0.5049669120093087,409.98748038701007,0.23949156729495816,330.13659845648147,80,0,DiffusionART,
f9la5w7l,https://wandb.ai/vanzl3386-chinese-university-of-hong-kong-shenzhen/flow-grpo-algo/runs/f9la5w7l,237,118,1,8,237,art_guidance,42,80,True,True,True,0.001971288928697169,0.6776732814000115,0.22940748626721658,343.77166712334144,0.3385222533685872,288.4330678278141,29,51,DiffusionART,
f9la5w7l,https://wandb.ai/vanzl3386-chinese-university-of-hong-kong-shenzhen/flow-grpo-algo/runs/f9la5w7l,238,119,0,0,238,art_guidance,42,80,True,True,True,0.004952328986119184,1.6375886307513738,0.37869226176881693,330.67040484211543,0.23124993338226937,277.94083756546615,75,5,DiffusionART,
f9la5w7l,https://wandb.ai/vanzl3386-chinese-university-of-hong-kong-shenzhen/flow-grpo-algo/runs/f9la5w7l,239,119,1,8,239,art_guidance,42,80,True,True,True,0.0010673930995765807,0.3495044012023779,0.16216618073028916,327.4373811682137,0.46398895170532645,272.6976460058282,16,64,DiffusionART,
f9la5w7l,https://wandb.ai/vanzl3386-chinese-university-of-hong-kong-shenzhen/flow-grpo-algo/runs/f9la5w7l,240,120,0,0,240,art_guidance,42,80,True,True,True,0.002498863481319131,1.1579600887002588,0.43274373832085145,463.39469817253905,0.373712136146748,375.05007647463,38,42,DiffusionART,
f9la5w7l,https://wandb.ai/vanzl3386-chinese-university-of-hong-kong-shenzhen/flow-grpo-algo/runs/f9la5w7l,241,120,1,8,241,art_guidance,42,80,True,True,True,0.0018520449663031139,0.5944848220084752,0.19189783122775556,320.98833064249646,0.32279685556887067,272.34726672180454,27,53,DiffusionART,
f9la5w7l,https://wandb.ai/vanzl3386-chinese-university-of-hong-kong-shenzhen/flow-grpo-algo/runs/f9la5w7l,242,121,0,0,242,art_guidance,42,80,True,True,True,0.0048298822916059275,1.9200432947658392,0.42894582083545674,397.53417968441386,0.22340424406303258,332.3538623866315,73,7,DiffusionART,
f9la5w7l,https://wandb.ai/vanzl3386-chinese-university-of-hong-kong-shenzhen/flow-grpo-algo/runs/f9la5w7l,243,121,1,8,243,art_guidance,42,80,True,True,True,0.004525080742787376,1.3883900819032906,0.38607537266423086,306.82106261115354,0.27807413614981674,254.4578917092702,69,11,DiffusionART,
f9la5w7l,https://wandb.ai/vanzl3386-chinese-university-of-hong-kong-shenzhen/flow-grpo-algo/runs/f9la5w7l,244,122,0,0,244,art_guidance,42,80,True,True,True,0.0043731182499527985,1.7550849720779098,0.5501917492738573,401.3348992099295,0.3134843942185118,338.43283611264826,66,14,DiffusionART,
f9la5w7l,https://wandb.ai/vanzl3386-chinese-university-of-hong-kong-shenzhen/flow-grpo-algo/runs/f9la5w7l,245,122,1,8,245,art_guidance,42,80,True,True,True,0.003603635231439562,1.0643819912165366,0.26852038392458943,295.36341023931624,0.2522782103985842,264.9294747678364,49,31,DiffusionART,
f9la5w7l,https://wandb.ai/vanzl3386-chinese-university-of-hong-kong-shenzhen/flow-grpo-algo/runs/f9la5w7l,246,123,0,0,246,art_guidance,42,80,True,True,True,0.0048712110790587945,1.7352473478340364,0.43434135271222774,356.2250371973857,0.2503051528961445,302.009181292509,73,7,DiffusionART,
f9la5w7l,https://wandb.ai/vanzl3386-chinese-university-of-hong-kong-shenzhen/flow-grpo-algo/runs/f9la5w7l,247,123,1,8,247,art_guidance,42,80,True,True,True,0.0024877834140552995,0.8095406038983288,0.21923340574056377,325.4063835801158,0.27081211823699647,266.5934405248872,37,43,DiffusionART,
f9la5w7l,https://wandb.ai/vanzl3386-chinese-university-of-hong-kong-shenzhen/flow-grpo-algo/runs/f9la5w7l,248,124,0,0,248,art_guidance,42,80,True,True,True,0.0044999755175731595,1.6191758164107029,0.39474745519057863,359.8188056996198,0.24379530078804684,297.2590563739665,70,10,DiffusionART,
f9la5w7l,https://wandb.ai/vanzl3386-chinese-university-of-hong-kong-shenzhen/flow-grpo-algo/runs/f9la5w7l,249,124,1,8,249,art_guidance,42,80,True,True,True,0.0024514960852506855,0.7931379522490593,0.23088527164642497,323.5322124399617,0.29110354761326934,272.6562179943123,36,44,DiffusionART,
f9la5w7l,https://wandb.ai/vanzl3386-chinese-university-of-hong-kong-shenzhen/flow-grpo-algo/runs/f9la5w7l,250,125,0,0,250,art_guidance,42,80,True,True,True,0.004750962259190806,1.788965172481363,0.4450951277379052,376.5479654191283,0.24880033137847019,309.790423126,72,8,DiffusionART,
f9la5w7l,https://wandb.ai/vanzl3386-chinese-university-of-hong-kong-shenzhen/flow-grpo-algo/runs/f9la5w7l,251,125,1,8,251,art_guidance,42,80,True,True,True,0.0016600831513290282,0.779047440562948,0.2661643975018533,469.2821801963707,0.3416536447504661,400.55561228839707,24,56,DiffusionART,
f9la5w7l,https://wandb.ai/vanzl3386-chinese-university-of-hong-kong-shenzhen/flow-grpo-algo/runs/f9la5w7l,252,126,0,0,252,art_guidance,42,80,True,True,True,0.004214387678376431,1.5767745541349363,0.38230931897995457,374.1408419128588,0.24246289235032742,305.80839480567204,65,15,DiffusionART,
f9la5w7l,https://wandb.ai/vanzl3386-chinese-university-of-hong-kong-shenzhen/flow-grpo-algo/runs/f9la5w7l,253,126,1,8,253,art_guidance,42,80,True,True,True,0.0024756038349459442,0.7562730520304275,0.24844540012999577,305.49033789444786,0.3285128294112481,259.25152953327864,37,43,DiffusionART,
2xi0cj0u,https://wandb.ai/vanzl3386-chinese-university-of-hong-kong-shenzhen/flow-grpo-algo/runs/2xi0cj0u,0,0,0,,0,train_ocr,42,,,,,,,,,,,,,NFT,0.11709918826818466
2xi0cj0u,https://wandb.ai/vanzl3386-chinese-university-of-hong-kong-shenzhen/flow-grpo-algo/runs/2xi0cj0u,1,1,0,,1,train_ocr,42,,,,,,,,,,,,,NFT,0.12517781555652618
2xi0cj0u,https://wandb.ai/vanzl3386-chinese-university-of-hong-kong-shenzhen/flow-grpo-algo/runs/2xi0cj0u,2,2,0,,2,train_ocr,42,,,,,,,,,,,,,NFT,0.18828752636909485
2xi0cj0u,https://wandb.ai/vanzl3386-chinese-university-of-hong-kong-shenzhen/flow-grpo-algo/runs/2xi0cj0u,3,3,0,,3,train_ocr,42,,,,,,,,,,,,,NFT,0.2101598083972931
2xi0cj0u,https://wandb.ai/vanzl3386-chinese-university-of-hong-kong-shenzhen/flow-grpo-algo/runs/2xi0cj0u,4,4,0,,4,train_ocr,42,,,,,,,,,,,,,NFT,0.2826559841632843
2xi0cj0u,https://wandb.ai/vanzl3386-chinese-university-of-hong-kong-shenzhen/flow-grpo-algo/runs/2xi0cj0u,5,5,0,,5,train_ocr,42,,,,,,,,,,,,,NFT,0.3489139676094055
2xi0cj0u,https://wandb.ai/vanzl3386-chinese-university-of-hong-kong-shenzhen/flow-grpo-algo/runs/2xi0cj0u,6,6,0,,6,train_ocr,42,,,,,,,,,,,,,NFT,0.415004163980484
2xi0cj0u,https://wandb.ai/vanzl3386-chinese-university-of-hong-kong-shenzhen/flow-grpo-algo/runs/2xi0cj0u,7,7,0,,7,train_ocr,42,,,,,,,,,,,,,NFT,0.4647158086299896
2xi0cj0u,https://wandb.ai/vanzl3386-chinese-university-of-hong-kong-shenzhen/flow-grpo-algo/runs/2xi0cj0u,8,8,0,,8,train_ocr,42,,,,,,,,,,,,,NFT,0.609916090965271
2xi0cj0u,https://wandb.ai/vanzl3386-chinese-university-of-hong-kong-shenzhen/flow-grpo-algo/runs/2xi0cj0u,9,9,0,,9,train_ocr,42,,,,,,,,,,,,,NFT,0.6680871844291687
2xi0cj0u,https://wandb.ai/vanzl3386-chinese-university-of-hong-kong-shenzhen/flow-grpo-algo/runs/2xi0cj0u,10,10,0,,10,train_ocr,42,,,,,,,,,,,,,NFT,0.7085527181625366
2xi0cj0u,https://wandb.ai/vanzl3386-chinese-university-of-hong-kong-shenzhen/flow-grpo-algo/runs/2xi0cj0u,11,11,0,,11,train_ocr,42,,,,,,,,,,,,,NFT,0.8179890513420105
2xi0cj0u,https://wandb.ai/vanzl3386-chinese-university-of-hong-kong-shenzhen/flow-grpo-algo/runs/2xi0cj0u,12,12,0,,12,train_ocr,42,,,,,,,,,,,,,NFT,0.8728986978530884
2xi0cj0u,https://wandb.ai/vanzl3386-chinese-university-of-hong-kong-shenzhen/flow-grpo-algo/runs/2xi0cj0u,13,13,0,,13,train_ocr,42,,,,,,,,,,,,,NFT,0.9197534322738647
2xi0cj0u,https://wandb.ai/vanzl3386-chinese-university-of-hong-kong-shenzhen/flow-grpo-algo/runs/2xi0cj0u,14,14,0,,14,train_ocr,42,,,,,,,,,,,,,NFT,0.9178999066352844
2xi0cj0u,https://wandb.ai/vanzl3386-chinese-university-of-hong-kong-shenzhen/flow-grpo-algo/runs/2xi0cj0u,15,15,0,,15,train_ocr,42,,,,,,,,,,,,,NFT,0.9237194061279297
2xi0cj0u,https://wandb.ai/vanzl3386-chinese-university-of-hong-kong-shenzhen/flow-grpo-algo/runs/2xi0cj0u,16,16,0,,16,train_ocr,42,,,,,,,,,,,,,NFT,0.9508308172225952
2xi0cj0u,https://wandb.ai/vanzl3386-chinese-university-of-hong-kong-shenzhen/flow-grpo-algo/runs/2xi0cj0u,17,17,0,,17,train_ocr,42,,,,,,,,,,,,,NFT,0.9571329951286316
2xi0cj0u,https://wandb.ai/vanzl3386-chinese-university-of-hong-kong-shenzhen/flow-grpo-algo/runs/2xi0cj0u,18,18,0,,18,train_ocr,42,,,,,,,,,,,,,NFT,0.955653965473175
2xi0cj0u,https://wandb.ai/vanzl3386-chinese-university-of-hong-kong-shenzhen/flow-grpo-algo/runs/2xi0cj0u,19,19,0,,19,train_ocr,42,,,,,,,,,,,,,NFT,0.9651144742965698
2xi0cj0u,https://wandb.ai/vanzl3386-chinese-university-of-hong-kong-shenzhen/flow-grpo-algo/runs/2xi0cj0u,20,20,0,,20,train_ocr,42,,,,,,,,,,,,,NFT,0.9579033851623535
2xi0cj0u,https://wandb.ai/vanzl3386-chinese-university-of-hong-kong-shenzhen/flow-grpo-algo/runs/2xi0cj0u,21,21,0,,21,train_ocr,42,,,,,,,,,,,,,NFT,0.9500526189804077
2xi0cj0u,https://wandb.ai/vanzl3386-chinese-university-of-hong-kong-shenzhen/flow-grpo-algo/runs/2xi0cj0u,22,22,0,,22,train_ocr,42,,,,,,,,,,,,,NFT,0.9247274398803711
2xi0cj0u,https://wandb.ai/vanzl3386-chinese-university-of-hong-kong-shenzhen/flow-grpo-algo/runs/2xi0cj0u,23,23,0,,23,train_ocr,42,,,,,,,,,,,,,NFT,0.9339948892593384
2xi0cj0u,https://wandb.ai/vanzl3386-chinese-university-of-hong-kong-shenzhen/flow-grpo-algo/runs/2xi0cj0u,24,24,0,,24,train_ocr,42,,,,,,,,,,,,,NFT,0.969687283039093
2xi0cj0u,https://wandb.ai/vanzl3386-chinese-university-of-hong-kong-shenzhen/flow-grpo-algo/runs/2xi0cj0u,25,25,0,,25,train_ocr,42,,,,,,,,,,,,,NFT,0.962537944316864
2xi0cj0u,https://wandb.ai/vanzl3386-chinese-university-of-hong-kong-shenzhen/flow-grpo-algo/runs/2xi0cj0u,26,26,0,,26,train_ocr,42,,,,,,,,,,,,,NFT,0.973677933216095
2xi0cj0u,https://wandb.ai/vanzl3386-chinese-university-of-hong-kong-shenzhen/flow-grpo-algo/runs/2xi0cj0u,27,27,0,,27,train_ocr,42,,,,,,,,,,,,,NFT,0.9687811732292175
2xi0cj0u,https://wandb.ai/vanzl3386-chinese-university-of-hong-kong-shenzhen/flow-grpo-algo/runs/2xi0cj0u,28,28,0,,28,train_ocr,42,,,,,,,,,,,,,NFT,0.9593170285224915
2xi0cj0u,https://wandb.ai/vanzl3386-chinese-university-of-hong-kong-shenzhen/flow-grpo-algo/runs/2xi0cj0u,29,29,0,,29,train_ocr,42,,,,,,,,,,,,,NFT,0.9587901830673218
2xi0cj0u,https://wandb.ai/vanzl3386-chinese-university-of-hong-kong-shenzhen/flow-grpo-algo/runs/2xi0cj0u,30,30,0,,30,train_ocr,42,,,,,,,,,,,,,NFT,0.9551712870597839
2xi0cj0u,https://wandb.ai/vanzl3386-chinese-university-of-hong-kong-shenzhen/flow-grpo-algo/runs/2xi0cj0u,31,31,0,,31,train_ocr,42,,,,,,,,,,,,,NFT,0.9458799362182617
2xi0cj0u,https://wandb.ai/vanzl3386-chinese-university-of-hong-kong-shenzhen/flow-grpo-algo/runs/2xi0cj0u,32,32,0,,32,train_ocr,42,,,,,,,,,,,,,NFT,0.9076297879219055
2xi0cj0u,https://wandb.ai/vanzl3386-chinese-university-of-hong-kong-shenzhen/flow-grpo-algo/runs/2xi0cj0u,33,33,0,,33,train_ocr,42,,,,,,,,,,,,,NFT,0.9435494542121887
2xi0cj0u,https://wandb.ai/vanzl3386-chinese-university-of-hong-kong-shenzhen/flow-grpo-algo/runs/2xi0cj0u,34,34,0,,34,train_ocr,42,,,,,,,,,,,,,NFT,0.9494333267211914
2xi0cj0u,https://wandb.ai/vanzl3386-chinese-university-of-hong-kong-shenzhen/flow-grpo-algo/runs/2xi0cj0u,35,35,0,,35,train_ocr,42,,,,,,,,,,,,,NFT,0.9559070467948914
2xi0cj0u,https://wandb.ai/vanzl3386-chinese-university-of-hong-kong-shenzhen/flow-grpo-algo/runs/2xi0cj0u,36,36,0,,36,train_ocr,42,,,,,,,,,,,,,NFT,0.9476812481880188
2xi0cj0u,https://wandb.ai/vanzl3386-chinese-university-of-hong-kong-shenzhen/flow-grpo-algo/runs/2xi0cj0u,37,37,0,,37,train_ocr,42,,,,,,,,,,,,,NFT,0.8237664103507996
2xi0cj0u,https://wandb.ai/vanzl3386-chinese-university-of-hong-kong-shenzhen/flow-grpo-algo/runs/2xi0cj0u,38,38,0,,38,train_ocr,42,,,,,,,,,,,,,NFT,0.9308131337165833
2xi0cj0u,https://wandb.ai/vanzl3386-chinese-university-of-hong-kong-shenzhen/flow-grpo-algo/runs/2xi0cj0u,39,39,0,,39,train_ocr,42,,,,,,,,,,,,,NFT,0.9553477168083191
2xi0cj0u,https://wandb.ai/vanzl3386-chinese-university-of-hong-kong-shenzhen/flow-grpo-algo/runs/2xi0cj0u,40,40,0,,40,train_ocr,42,,,,,,,,,,,,,NFT,0.9426177740097046
2xi0cj0u,https://wandb.ai/vanzl3386-chinese-university-of-hong-kong-shenzhen/flow-grpo-algo/runs/2xi0cj0u,41,41,0,,41,train_ocr,42,,,,,,,,,,,,,NFT,0.9603490829467773
2xi0cj0u,https://wandb.ai/vanzl3386-chinese-university-of-hong-kong-shenzhen/flow-grpo-algo/runs/2xi0cj0u,42,42,0,,42,train_ocr,42,,,,,,,,,,,,,NFT,0.9569644927978516
2xi0cj0u,https://wandb.ai/vanzl3386-chinese-university-of-hong-kong-shenzhen/flow-grpo-algo/runs/2xi0cj0u,43,43,0,,43,train_ocr,42,,,,,,,,,,,,,NFT,0.9139124751091003
2xi0cj0u,https://wandb.ai/vanzl3386-chinese-university-of-hong-kong-shenzhen/flow-grpo-algo/runs/2xi0cj0u,44,44,0,,44,train_ocr,42,,,,,,,,,,,,,NFT,0.5613221526145935
2xi0cj0u,https://wandb.ai/vanzl3386-chinese-university-of-hong-kong-shenzhen/flow-grpo-algo/runs/2xi0cj0u,45,45,0,,45,train_ocr,42,,,,,,,,,,,,,NFT,0.01496607344597578
2xi0cj0u,https://wandb.ai/vanzl3386-chinese-university-of-hong-kong-shenzhen/flow-grpo-algo/runs/2xi0cj0u,46,46,0,,46,train_ocr,42,,,,,,,,,,,,,NFT,0.0012706967536360025
2xi0cj0u,https://wandb.ai/vanzl3386-chinese-university-of-hong-kong-shenzhen/flow-grpo-algo/runs/2xi0cj0u,47,47,0,,47,train_ocr,42,,,,,,,,,,,,,NFT,4.650298069464043e-05
2xi0cj0u,https://wandb.ai/vanzl3386-chinese-university-of-hong-kong-shenzhen/flow-grpo-algo/runs/2xi0cj0u,48,48,0,,48,train_ocr,42,,,,,,,,,,,,,NFT,0.0008545750752091408
2xi0cj0u,https://wandb.ai/vanzl3386-chinese-university-of-hong-kong-shenzhen/flow-grpo-algo/runs/2xi0cj0u,49,49,0,,49,train_ocr,42,,,,,,,,,,,,,NFT,0.0026056673377752304
2xi0cj0u,https://wandb.ai/vanzl3386-chinese-university-of-hong-kong-shenzhen/flow-grpo-algo/runs/2xi0cj0u,50,50,0,,50,train_ocr,42,,,,,,,,,,,,,NFT,0.0017866330454126
2xi0cj0u,https://wandb.ai/vanzl3386-chinese-university-of-hong-kong-shenzhen/flow-grpo-algo/runs/2xi0cj0u,51,51,0,,51,train_ocr,42,,,,,,,,,,,,,NFT,0.0013604395790025592
2xi0cj0u,https://wandb.ai/vanzl3386-chinese-university-of-hong-kong-shenzhen/flow-grpo-algo/runs/2xi0cj0u,52,52,0,,52,train_ocr,42,,,,,,,,,,,,,NFT,0.0004155607020948082
2xi0cj0u,https://wandb.ai/vanzl3386-chinese-university-of-hong-kong-shenzhen/flow-grpo-algo/runs/2xi0cj0u,53,53,0,,53,train_ocr,42,,,,,,,,,,,,,NFT,5.744485679315403e-05
2xi0cj0u,https://wandb.ai/vanzl3386-chinese-university-of-hong-kong-shenzhen/flow-grpo-algo/runs/2xi0cj0u,54,54,0,,54,train_ocr,42,,,,,,,,,,,,,NFT,0.00022749467461835593
2xi0cj0u,https://wandb.ai/vanzl3386-chinese-university-of-hong-kong-shenzhen/flow-grpo-algo/runs/2xi0cj0u,55,55,0,,55,train_ocr,42,,,,,,,,,,,,,NFT,5.744485679315403e-05
2xi0cj0u,https://wandb.ai/vanzl3386-chinese-university-of-hong-kong-shenzhen/flow-grpo-algo/runs/2xi0cj0u,56,56,0,,56,train_ocr,42,,,,,,,,,,,,,NFT,0.00013950893480796367
2xi0cj0u,https://wandb.ai/vanzl3386-chinese-university-of-hong-kong-shenzhen/flow-grpo-algo/runs/2xi0cj0u,57,57,0,,57,train_ocr,42,,,,,,,,,,,,,NFT,0
2xi0cj0u,https://wandb.ai/vanzl3386-chinese-university-of-hong-kong-shenzhen/flow-grpo-algo/runs/2xi0cj0u,58,58,0,,58,train_ocr,42,,,,,,,,,,,,,NFT,0
2xi0cj0u,https://wandb.ai/vanzl3386-chinese-university-of-hong-kong-shenzhen/flow-grpo-algo/runs/2xi0cj0u,59,59,0,,59,train_ocr,42,,,,,,,,,,,,,NFT,6.975446740398183e-05
2xi0cj0u,https://wandb.ai/vanzl3386-chinese-university-of-hong-kong-shenzhen/flow-grpo-algo/runs/2xi0cj0u,60,60,0,,60,train_ocr,42,,,,,,,,,,,,,NFT,0
2xi0cj0u,https://wandb.ai/vanzl3386-chinese-university-of-hong-kong-shenzhen/flow-grpo-algo/runs/2xi0cj0u,61,61,0,,61,train_ocr,42,,,,,,,,,,,,,NFT,0
2xi0cj0u,https://wandb.ai/vanzl3386-chinese-university-of-hong-kong-shenzhen/flow-grpo-algo/runs/2xi0cj0u,62,62,0,,62,train_ocr,42,,,,,,,,,,,,,NFT,0
2xi0cj0u,https://wandb.ai/vanzl3386-chinese-university-of-hong-kong-shenzhen/flow-grpo-algo/runs/2xi0cj0u,63,63,0,,63,train_ocr,42,,,,,,,,,,,,,NFT,0
2xi0cj0u,https://wandb.ai/vanzl3386-chinese-university-of-hong-kong-shenzhen/flow-grpo-algo/runs/2xi0cj0u,64,64,0,,64,train_ocr,42,,,,,,,,,,,,,NFT,8.877841173671186e-05
2xi0cj0u,https://wandb.ai/vanzl3386-chinese-university-of-hong-kong-shenzhen/flow-grpo-algo/runs/2xi0cj0u,65,65,0,,65,train_ocr,42,,,,,,,,,,,,,NFT,0
2xi0cj0u,https://wandb.ai/vanzl3386-chinese-university-of-hong-kong-shenzhen/flow-grpo-algo/runs/2xi0cj0u,66,66,0,,66,train_ocr,42,,,,,,,,,,,,,NFT,6.510417733807117e-05
2xi0cj0u,https://wandb.ai/vanzl3386-chinese-university-of-hong-kong-shenzhen/flow-grpo-algo/runs/2xi0cj0u,67,67,0,,67,train_ocr,42,,,,,,,,,,,,,NFT,0
2xi0cj0u,https://wandb.ai/vanzl3386-chinese-university-of-hong-kong-shenzhen/flow-grpo-algo/runs/2xi0cj0u,68,68,0,,68,train_ocr,42,,,,,,,,,,,,,NFT,9.765625145519152e-05
2xi0cj0u,https://wandb.ai/vanzl3386-chinese-university-of-hong-kong-shenzhen/flow-grpo-algo/runs/2xi0cj0u,69,69,0,,69,train_ocr,42,,,,,,,,,,,,,NFT,4.650297705666162e-05
2xi0cj0u,https://wandb.ai/vanzl3386-chinese-university-of-hong-kong-shenzhen/flow-grpo-algo/runs/2xi0cj0u,70,70,0,,70,train_ocr,42,,,,,,,,,,,,,NFT,9.533110278425738e-05
2xi0cj0u,https://wandb.ai/vanzl3386-chinese-university-of-hong-kong-shenzhen/flow-grpo-algo/runs/2xi0cj0u,71,71,0,,71,train_ocr,42,,,,,,,,,,,,,NFT,9.533110278425738e-05
2xi0cj0u,https://wandb.ai/vanzl3386-chinese-university-of-hong-kong-shenzhen/flow-grpo-algo/runs/2xi0cj0u,72,72,0,,72,train_ocr,42,,,,,,,,,,,,,NFT,4.882812572759576e-05
2xi0cj0u,https://wandb.ai/vanzl3386-chinese-university-of-hong-kong-shenzhen/flow-grpo-algo/runs/2xi0cj0u,73,73,0,,73,train_ocr,42,,,,,,,,,,,,,NFT,0.00022020528558641672
2xi0cj0u,https://wandb.ai/vanzl3386-chinese-university-of-hong-kong-shenzhen/flow-grpo-algo/runs/2xi0cj0u,74,74,0,,74,train_ocr,42,,,,,,,,,,,,,NFT,6.510417733807117e-05
2xi0cj0u,https://wandb.ai/vanzl3386-chinese-university-of-hong-kong-shenzhen/flow-grpo-algo/runs/2xi0cj0u,75,75,0,,75,train_ocr,42,,,,,,,,,,,,,NFT,0.0001220703125
2xi0cj0u,https://wandb.ai/vanzl3386-chinese-university-of-hong-kong-shenzhen/flow-grpo-algo/runs/2xi0cj0u,76,76,0,,76,train_ocr,42,,,,,,,,,,,,,NFT,0
2xi0cj0u,https://wandb.ai/vanzl3386-chinese-university-of-hong-kong-shenzhen/flow-grpo-algo/runs/2xi0cj0u,77,77,0,,77,train_ocr,42,,,,,,,,,,,,,NFT,0
2xi0cj0u,https://wandb.ai/vanzl3386-chinese-university-of-hong-kong-shenzhen/flow-grpo-algo/runs/2xi0cj0u,78,78,0,,78,train_ocr,42,,,,,,,,,,,,,NFT,0
2xi0cj0u,https://wandb.ai/vanzl3386-chinese-university-of-hong-kong-shenzhen/flow-grpo-algo/runs/2xi0cj0u,79,79,0,,79,train_ocr,42,,,,,,,,,,,,,NFT,5.139802669873461e-05
2xi0cj0u,https://wandb.ai/vanzl3386-chinese-university-of-hong-kong-shenzhen/flow-grpo-algo/runs/2xi0cj0u,80,80,0,,80,train_ocr,42,,,,,,,,,,,,,NFT,0
2xi0cj0u,https://wandb.ai/vanzl3386-chinese-university-of-hong-kong-shenzhen/flow-grpo-algo/runs/2xi0cj0u,81,81,0,,81,train_ocr,42,,,,,,,,,,,,,NFT,0
2xi0cj0u,https://wandb.ai/vanzl3386-chinese-university-of-hong-kong-shenzhen/flow-grpo-algo/runs/2xi0cj0u,82,82,0,,82,train_ocr,42,,,,,,,,,,,,,NFT,0
2xi0cj0u,https://wandb.ai/vanzl3386-chinese-university-of-hong-kong-shenzhen/flow-grpo-algo/runs/2xi0cj0u,83,83,0,,83,train_ocr,42,,,,,,,,,,,,,NFT,0
2xi0cj0u,https://wandb.ai/vanzl3386-chinese-university-of-hong-kong-shenzhen/flow-grpo-algo/runs/2xi0cj0u,84,84,0,,84,train_ocr,42,,,,,,,,,,,,,NFT,0
2xi0cj0u,https://wandb.ai/vanzl3386-chinese-university-of-hong-kong-shenzhen/flow-grpo-algo/runs/2xi0cj0u,85,85,0,,85,train_ocr,42,,,,,,,,,,,,,NFT,5.139802669873461e-05
2xi0cj0u,https://wandb.ai/vanzl3386-chinese-university-of-hong-kong-shenzhen/flow-grpo-algo/runs/2xi0cj0u,86,86,0,,86,train_ocr,42,,,,,,,,,,,,,NFT,9.859525744104758e-05
2xi0cj0u,https://wandb.ai/vanzl3386-chinese-university-of-hong-kong-shenzhen/flow-grpo-algo/runs/2xi0cj0u,87,87,0,,87,train_ocr,42,,,,,,,,,,,,,NFT,0
2xi0cj0u,https://wandb.ai/vanzl3386-chinese-university-of-hong-kong-shenzhen/flow-grpo-algo/runs/2xi0cj0u,88,88,0,,88,train_ocr,42,,,,,,,,,,,,,NFT,7.512020238209516e-05
2xi0cj0u,https://wandb.ai/vanzl3386-chinese-university-of-hong-kong-shenzhen/flow-grpo-algo/runs/2xi0cj0u,89,89,0,,89,train_ocr,42,,,,,,,,,,,,,NFT,0.00015853287186473608
2xi0cj0u,https://wandb.ai/vanzl3386-chinese-university-of-hong-kong-shenzhen/flow-grpo-algo/runs/2xi0cj0u,90,90,0,,90,train_ocr,42,,,,,,,,,,,,,NFT,0.00011169833305757493
2xi0cj0u,https://wandb.ai/vanzl3386-chinese-university-of-hong-kong-shenzhen/flow-grpo-algo/runs/2xi0cj0u,91,91,0,,91,train_ocr,42,,,,,,,,,,,,,NFT,0.0003366750606801361
2xi0cj0u,https://wandb.ai/vanzl3386-chinese-university-of-hong-kong-shenzhen/flow-grpo-algo/runs/2xi0cj0u,92,92,0,,92,train_ocr,42,,,,,,,,,,,,,NFT,0.0003747473529074341
2xi0cj0u,https://wandb.ai/vanzl3386-chinese-university-of-hong-kong-shenzhen/flow-grpo-algo/runs/2xi0cj0u,93,93,0,,93,train_ocr,42,,,,,,,,,,,,,NFT,0.0004607217269949615
2xi0cj0u,https://wandb.ai/vanzl3386-chinese-university-of-hong-kong-shenzhen/flow-grpo-algo/runs/2xi0cj0u,94,94,0,,94,train_ocr,42,,,,,,,,,,,,,NFT,0.00024319710792042315
2xi0cj0u,https://wandb.ai/vanzl3386-chinese-university-of-hong-kong-shenzhen/flow-grpo-algo/runs/2xi0cj0u,95,95,0,,95,train_ocr,42,,,,,,,,,,,,,NFT,0.00018717448983807117
2xi0cj0u,https://wandb.ai/vanzl3386-chinese-university-of-hong-kong-shenzhen/flow-grpo-algo/runs/2xi0cj0u,96,96,0,,96,train_ocr,42,,,,,,,,,,,,,NFT,0.0008686793153174222
2xi0cj0u,https://wandb.ai/vanzl3386-chinese-university-of-hong-kong-shenzhen/flow-grpo-algo/runs/2xi0cj0u,97,97,0,,97,train_ocr,42,,,,,,,,,,,,,NFT,0.0005847153370268643
2xi0cj0u,https://wandb.ai/vanzl3386-chinese-university-of-hong-kong-shenzhen/flow-grpo-algo/runs/2xi0cj0u,98,98,0,,98,train_ocr,42,,,,,,,,,,,,,NFT,0.000454580265795812
2xi0cj0u,https://wandb.ai/vanzl3386-chinese-university-of-hong-kong-shenzhen/flow-grpo-algo/runs/2xi0cj0u,99,99,0,,99,train_ocr,42,,,,,,,,,,,,,NFT,0.0007430358091369271
2xi0cj0u,https://wandb.ai/vanzl3386-chinese-university-of-hong-kong-shenzhen/flow-grpo-algo/runs/2xi0cj0u,100,100,0,,100,train_ocr,42,,,,,,,,,,,,,NFT,0.00017802909133024514
2xi0cj0u,https://wandb.ai/vanzl3386-chinese-university-of-hong-kong-shenzhen/flow-grpo-algo/runs/2xi0cj0u,101,101,0,,101,train_ocr,42,,,,,,,,,,,,,NFT,4.882812572759576e-05
2xi0cj0u,https://wandb.ai/vanzl3386-chinese-university-of-hong-kong-shenzhen/flow-grpo-algo/runs/2xi0cj0u,102,102,0,,102,train_ocr,42,,,,,,,,,,,,,NFT,0.0004822158662136644
2xi0cj0u,https://wandb.ai/vanzl3386-chinese-university-of-hong-kong-shenzhen/flow-grpo-algo/runs/2xi0cj0u,103,103,0,,103,train_ocr,42,,,,,,,,,,,,,NFT,0.0001966688287211582
2xi0cj0u,https://wandb.ai/vanzl3386-chinese-university-of-hong-kong-shenzhen/flow-grpo-algo/runs/2xi0cj0u,104,104,0,,104,train_ocr,42,,,,,,,,,,,,,NFT,0.000186434670467861
2xi0cj0u,https://wandb.ai/vanzl3386-chinese-university-of-hong-kong-shenzhen/flow-grpo-algo/runs/2xi0cj0u,105,105,0,,105,train_ocr,42,,,,,,,,,,,,,NFT,0
2xi0cj0u,https://wandb.ai/vanzl3386-chinese-university-of-hong-kong-shenzhen/flow-grpo-algo/runs/2xi0cj0u,106,106,0,,106,train_ocr,42,,,,,,,,,,,,,NFT,0.0003739790408872068
2xi0cj0u,https://wandb.ai/vanzl3386-chinese-university-of-hong-kong-shenzhen/flow-grpo-algo/runs/2xi0cj0u,107,107,0,,107,train_ocr,42,,,,,,,,,,,,,NFT,0.0007440372137352824
2xi0cj0u,https://wandb.ai/vanzl3386-chinese-university-of-hong-kong-shenzhen/flow-grpo-algo/runs/2xi0cj0u,108,108,0,,108,train_ocr,42,,,,,,,,,,,,,NFT,0.0011598075507208705
2xi0cj0u,https://wandb.ai/vanzl3386-chinese-university-of-hong-kong-shenzhen/flow-grpo-algo/runs/2xi0cj0u,109,109,0,,109,train_ocr,42,,,,,,,,,,,,,NFT,0.0005576658295467496
f9la5w7l,https://wandb.ai/vanzl3386-chinese-university-of-hong-kong-shenzhen/flow-grpo-algo/runs/f9la5w7l,0,0,0,,0,train_ocr,42,,,,,,,,,,,,,DiffusionART,0.09659335762262344
f9la5w7l,https://wandb.ai/vanzl3386-chinese-university-of-hong-kong-shenzhen/flow-grpo-algo/runs/f9la5w7l,2,1,0,,2,train_ocr,42,,,,,,,,,,,,,DiffusionART,0.12178175151348114
f9la5w7l,https://wandb.ai/vanzl3386-chinese-university-of-hong-kong-shenzhen/flow-grpo-algo/runs/f9la5w7l,4,2,0,,4,train_ocr,42,,,,,,,,,,,,,DiffusionART,0.17620253562927246
f9la5w7l,https://wandb.ai/vanzl3386-chinese-university-of-hong-kong-shenzhen/flow-grpo-algo/runs/f9la5w7l,6,3,0,,6,train_ocr,42,,,,,,,,,,,,,DiffusionART,0.21334902942180634
f9la5w7l,https://wandb.ai/vanzl3386-chinese-university-of-hong-kong-shenzhen/flow-grpo-algo/runs/f9la5w7l,8,4,0,,8,train_ocr,42,,,,,,,,,,,,,DiffusionART,0.3090498745441437
f9la5w7l,https://wandb.ai/vanzl3386-chinese-university-of-hong-kong-shenzhen/flow-grpo-algo/runs/f9la5w7l,10,5,0,,10,train_ocr,42,,,,,,,,,,,,,DiffusionART,0.43464136123657227
f9la5w7l,https://wandb.ai/vanzl3386-chinese-university-of-hong-kong-shenzhen/flow-grpo-algo/runs/f9la5w7l,12,6,0,,12,train_ocr,42,,,,,,,,,,,,,DiffusionART,0.5644515752792358
f9la5w7l,https://wandb.ai/vanzl3386-chinese-university-of-hong-kong-shenzhen/flow-grpo-algo/runs/f9la5w7l,14,7,0,,14,train_ocr,42,,,,,,,,,,,,,DiffusionART,0.5956114530563354
f9la5w7l,https://wandb.ai/vanzl3386-chinese-university-of-hong-kong-shenzhen/flow-grpo-algo/runs/f9la5w7l,16,8,0,,16,train_ocr,42,,,,,,,,,,,,,DiffusionART,0.6858962774276733
f9la5w7l,https://wandb.ai/vanzl3386-chinese-university-of-hong-kong-shenzhen/flow-grpo-algo/runs/f9la5w7l,18,9,0,,18,train_ocr,42,,,,,,,,,,,,,DiffusionART,0.7344269752502441
f9la5w7l,https://wandb.ai/vanzl3386-chinese-university-of-hong-kong-shenzhen/flow-grpo-algo/runs/f9la5w7l,20,10,0,,20,train_ocr,42,,,,,,,,,,,,,DiffusionART,0.7396249771118164
f9la5w7l,https://wandb.ai/vanzl3386-chinese-university-of-hong-kong-shenzhen/flow-grpo-algo/runs/f9la5w7l,22,11,0,,22,train_ocr,42,,,,,,,,,,,,,DiffusionART,0.7802231311798096
f9la5w7l,https://wandb.ai/vanzl3386-chinese-university-of-hong-kong-shenzhen/flow-grpo-algo/runs/f9la5w7l,24,12,0,,24,train_ocr,42,,,,,,,,,,,,,DiffusionART,0.788606584072113
f9la5w7l,https://wandb.ai/vanzl3386-chinese-university-of-hong-kong-shenzhen/flow-grpo-algo/runs/f9la5w7l,26,13,0,,26,train_ocr,42,,,,,,,,,,,,,DiffusionART,0.8173351287841797
f9la5w7l,https://wandb.ai/vanzl3386-chinese-university-of-hong-kong-shenzhen/flow-grpo-algo/runs/f9la5w7l,28,14,0,,28,train_ocr,42,,,,,,,,,,,,,DiffusionART,0.800563633441925
f9la5w7l,https://wandb.ai/vanzl3386-chinese-university-of-hong-kong-shenzhen/flow-grpo-algo/runs/f9la5w7l,30,15,0,,30,train_ocr,42,,,,,,,,,,,,,DiffusionART,0.8165844082832336
f9la5w7l,https://wandb.ai/vanzl3386-chinese-university-of-hong-kong-shenzhen/flow-grpo-algo/runs/f9la5w7l,32,16,0,,32,train_ocr,42,,,,,,,,,,,,,DiffusionART,0.8433719873428345
f9la5w7l,https://wandb.ai/vanzl3386-chinese-university-of-hong-kong-shenzhen/flow-grpo-algo/runs/f9la5w7l,34,17,0,,34,train_ocr,42,,,,,,,,,,,,,DiffusionART,0.8457310795783997
f9la5w7l,https://wandb.ai/vanzl3386-chinese-university-of-hong-kong-shenzhen/flow-grpo-algo/runs/f9la5w7l,36,18,0,,36,train_ocr,42,,,,,,,,,,,,,DiffusionART,0.8585876226425171
f9la5w7l,https://wandb.ai/vanzl3386-chinese-university-of-hong-kong-shenzhen/flow-grpo-algo/runs/f9la5w7l,38,19,0,,38,train_ocr,42,,,,,,,,,,,,,DiffusionART,0.8390061259269714
f9la5w7l,https://wandb.ai/vanzl3386-chinese-university-of-hong-kong-shenzhen/flow-grpo-algo/runs/f9la5w7l,40,20,0,,40,train_ocr,42,,,,,,,,,,,,,DiffusionART,0.8608146905899048
f9la5w7l,https://wandb.ai/vanzl3386-chinese-university-of-hong-kong-shenzhen/flow-grpo-algo/runs/f9la5w7l,42,21,0,,42,train_ocr,42,,,,,,,,,,,,,DiffusionART,0.8931297063827515
f9la5w7l,https://wandb.ai/vanzl3386-chinese-university-of-hong-kong-shenzhen/flow-grpo-algo/runs/f9la5w7l,44,22,0,,44,train_ocr,42,,,,,,,,,,,,,DiffusionART,0.8779988288879395
f9la5w7l,https://wandb.ai/vanzl3386-chinese-university-of-hong-kong-shenzhen/flow-grpo-algo/runs/f9la5w7l,46,23,0,,46,train_ocr,42,,,,,,,,,,,,,DiffusionART,0.8980289697647095
f9la5w7l,https://wandb.ai/vanzl3386-chinese-university-of-hong-kong-shenzhen/flow-grpo-algo/runs/f9la5w7l,48,24,0,,48,train_ocr,42,,,,,,,,,,,,,DiffusionART,0.9057909250259399
f9la5w7l,https://wandb.ai/vanzl3386-chinese-university-of-hong-kong-shenzhen/flow-grpo-algo/runs/f9la5w7l,50,25,0,,50,train_ocr,42,,,,,,,,,,,,,DiffusionART,0.9280543327331543
f9la5w7l,https://wandb.ai/vanzl3386-chinese-university-of-hong-kong-shenzhen/flow-grpo-algo/runs/f9la5w7l,52,26,0,,52,train_ocr,42,,,,,,,,,,,,,DiffusionART,0.9418677091598511
f9la5w7l,https://wandb.ai/vanzl3386-chinese-university-of-hong-kong-shenzhen/flow-grpo-algo/runs/f9la5w7l,54,27,0,,54,train_ocr,42,,,,,,,,,,,,,DiffusionART,0.9362489581108093
f9la5w7l,https://wandb.ai/vanzl3386-chinese-university-of-hong-kong-shenzhen/flow-grpo-algo/runs/f9la5w7l,56,28,0,,56,train_ocr,42,,,,,,,,,,,,,DiffusionART,0.9361299276351929
f9la5w7l,https://wandb.ai/vanzl3386-chinese-university-of-hong-kong-shenzhen/flow-grpo-algo/runs/f9la5w7l,58,29,0,,58,train_ocr,42,,,,,,,,,,,,,DiffusionART,0.9465085864067078
f9la5w7l,https://wandb.ai/vanzl3386-chinese-university-of-hong-kong-shenzhen/flow-grpo-algo/runs/f9la5w7l,60,30,0,,60,train_ocr,42,,,,,,,,,,,,,DiffusionART,0.9314144253730774
f9la5w7l,https://wandb.ai/vanzl3386-chinese-university-of-hong-kong-shenzhen/flow-grpo-algo/runs/f9la5w7l,62,31,0,,62,train_ocr,42,,,,,,,,,,,,,DiffusionART,0.9431702494621277
f9la5w7l,https://wandb.ai/vanzl3386-chinese-university-of-hong-kong-shenzhen/flow-grpo-algo/runs/f9la5w7l,64,32,0,,64,train_ocr,42,,,,,,,,,,,,,DiffusionART,0.9607709646224976
f9la5w7l,https://wandb.ai/vanzl3386-chinese-university-of-hong-kong-shenzhen/flow-grpo-algo/runs/f9la5w7l,66,33,0,,66,train_ocr,42,,,,,,,,,,,,,DiffusionART,0.9554226994514465
f9la5w7l,https://wandb.ai/vanzl3386-chinese-university-of-hong-kong-shenzhen/flow-grpo-algo/runs/f9la5w7l,68,34,0,,68,train_ocr,42,,,,,,,,,,,,,DiffusionART,0.9532902836799622
f9la5w7l,https://wandb.ai/vanzl3386-chinese-university-of-hong-kong-shenzhen/flow-grpo-algo/runs/f9la5w7l,70,35,0,,70,train_ocr,42,,,,,,,,,,,,,DiffusionART,0.9488401412963867
f9la5w7l,https://wandb.ai/vanzl3386-chinese-university-of-hong-kong-shenzhen/flow-grpo-algo/runs/f9la5w7l,72,36,0,,72,train_ocr,42,,,,,,,,,,,,,DiffusionART,0.9561031460762024
f9la5w7l,https://wandb.ai/vanzl3386-chinese-university-of-hong-kong-shenzhen/flow-grpo-algo/runs/f9la5w7l,74,37,0,,74,train_ocr,42,,,,,,,,,,,,,DiffusionART,0.9617289304733276
f9la5w7l,https://wandb.ai/vanzl3386-chinese-university-of-hong-kong-shenzhen/flow-grpo-algo/runs/f9la5w7l,76,38,0,,76,train_ocr,42,,,,,,,,,,,,,DiffusionART,0.9554795026779175
f9la5w7l,https://wandb.ai/vanzl3386-chinese-university-of-hong-kong-shenzhen/flow-grpo-algo/runs/f9la5w7l,78,39,0,,78,train_ocr,42,,,,,,,,,,,,,DiffusionART,0.9486947059631348
f9la5w7l,https://wandb.ai/vanzl3386-chinese-university-of-hong-kong-shenzhen/flow-grpo-algo/runs/f9la5w7l,80,40,0,,80,train_ocr,42,,,,,,,,,,,,,DiffusionART,0.9582175016403198
f9la5w7l,https://wandb.ai/vanzl3386-chinese-university-of-hong-kong-shenzhen/flow-grpo-algo/runs/f9la5w7l,82,41,0,,82,train_ocr,42,,,,,,,,,,,,,DiffusionART,0.9628458023071289
f9la5w7l,https://wandb.ai/vanzl3386-chinese-university-of-hong-kong-shenzhen/flow-grpo-algo/runs/f9la5w7l,84,42,0,,84,train_ocr,42,,,,,,,,,,,,,DiffusionART,0.9599483609199524
f9la5w7l,https://wandb.ai/vanzl3386-chinese-university-of-hong-kong-shenzhen/flow-grpo-algo/runs/f9la5w7l,86,43,0,,86,train_ocr,42,,,,,,,,,,,,,DiffusionART,0.9543634653091431
f9la5w7l,https://wandb.ai/vanzl3386-chinese-university-of-hong-kong-shenzhen/flow-grpo-algo/runs/f9la5w7l,88,44,0,,88,train_ocr,42,,,,,,,,,,,,,DiffusionART,0.9701045751571655
f9la5w7l,https://wandb.ai/vanzl3386-chinese-university-of-hong-kong-shenzhen/flow-grpo-algo/runs/f9la5w7l,90,45,0,,90,train_ocr,42,,,,,,,,,,,,,DiffusionART,0.9730507135391235
f9la5w7l,https://wandb.ai/vanzl3386-chinese-university-of-hong-kong-shenzhen/flow-grpo-algo/runs/f9la5w7l,92,46,0,,92,train_ocr,42,,,,,,,,,,,,,DiffusionART,0.964167594909668
f9la5w7l,https://wandb.ai/vanzl3386-chinese-university-of-hong-kong-shenzhen/flow-grpo-algo/runs/f9la5w7l,94,47,0,,94,train_ocr,42,,,,,,,,,,,,,DiffusionART,0.959139347076416
f9la5w7l,https://wandb.ai/vanzl3386-chinese-university-of-hong-kong-shenzhen/flow-grpo-algo/runs/f9la5w7l,96,48,0,,96,train_ocr,42,,,,,,,,,,,,,DiffusionART,0.9681724309921265
f9la5w7l,https://wandb.ai/vanzl3386-chinese-university-of-hong-kong-shenzhen/flow-grpo-algo/runs/f9la5w7l,98,49,0,,98,train_ocr,42,,,,,,,,,,,,,DiffusionART,0.9566047787666321
f9la5w7l,https://wandb.ai/vanzl3386-chinese-university-of-hong-kong-shenzhen/flow-grpo-algo/runs/f9la5w7l,100,50,0,,100,train_ocr,42,,,,,,,,,,,,,DiffusionART,0.9740673899650574
f9la5w7l,https://wandb.ai/vanzl3386-chinese-university-of-hong-kong-shenzhen/flow-grpo-algo/runs/f9la5w7l,102,51,0,,102,train_ocr,42,,,,,,,,,,,,,DiffusionART,0.9719367027282715
f9la5w7l,https://wandb.ai/vanzl3386-chinese-university-of-hong-kong-shenzhen/flow-grpo-algo/runs/f9la5w7l,104,52,0,,104,train_ocr,42,,,,,,,,,,,,,DiffusionART,0.9582096338272095
f9la5w7l,https://wandb.ai/vanzl3386-chinese-university-of-hong-kong-shenzhen/flow-grpo-algo/runs/f9la5w7l,106,53,0,,106,train_ocr,42,,,,,,,,,,,,,DiffusionART,0.9678899645805359
f9la5w7l,https://wandb.ai/vanzl3386-chinese-university-of-hong-kong-shenzhen/flow-grpo-algo/runs/f9la5w7l,108,54,0,,108,train_ocr,42,,,,,,,,,,,,,DiffusionART,0.9698231816291809
f9la5w7l,https://wandb.ai/vanzl3386-chinese-university-of-hong-kong-shenzhen/flow-grpo-algo/runs/f9la5w7l,110,55,0,,110,train_ocr,42,,,,,,,,,,,,,DiffusionART,0.9738933444023132
f9la5w7l,https://wandb.ai/vanzl3386-chinese-university-of-hong-kong-shenzhen/flow-grpo-algo/runs/f9la5w7l,112,56,0,,112,train_ocr,42,,,,,,,,,,,,,DiffusionART,0.9612324833869934
f9la5w7l,https://wandb.ai/vanzl3386-chinese-university-of-hong-kong-shenzhen/flow-grpo-algo/runs/f9la5w7l,114,57,0,,114,train_ocr,42,,,,,,,,,,,,,DiffusionART,0.9743884205818176
f9la5w7l,https://wandb.ai/vanzl3386-chinese-university-of-hong-kong-shenzhen/flow-grpo-algo/runs/f9la5w7l,116,58,0,,116,train_ocr,42,,,,,,,,,,,,,DiffusionART,0.9688003659248352
f9la5w7l,https://wandb.ai/vanzl3386-chinese-university-of-hong-kong-shenzhen/flow-grpo-algo/runs/f9la5w7l,118,59,0,,118,train_ocr,42,,,,,,,,,,,,,DiffusionART,0.9709830284118652
f9la5w7l,https://wandb.ai/vanzl3386-chinese-university-of-hong-kong-shenzhen/flow-grpo-algo/runs/f9la5w7l,120,60,0,,120,train_ocr,42,,,,,,,,,,,,,DiffusionART,0.9834017753601074
f9la5w7l,https://wandb.ai/vanzl3386-chinese-university-of-hong-kong-shenzhen/flow-grpo-algo/runs/f9la5w7l,122,61,0,,122,train_ocr,42,,,,,,,,,,,,,DiffusionART,0.9778918027877808
f9la5w7l,https://wandb.ai/vanzl3386-chinese-university-of-hong-kong-shenzhen/flow-grpo-algo/runs/f9la5w7l,124,62,0,,124,train_ocr,42,,,,,,,,,,,,,DiffusionART,0.9803358912467957
f9la5w7l,https://wandb.ai/vanzl3386-chinese-university-of-hong-kong-shenzhen/flow-grpo-algo/runs/f9la5w7l,126,63,0,,126,train_ocr,42,,,,,,,,,,,,,DiffusionART,0.978016197681427
f9la5w7l,https://wandb.ai/vanzl3386-chinese-university-of-hong-kong-shenzhen/flow-grpo-algo/runs/f9la5w7l,128,64,0,,128,train_ocr,42,,,,,,,,,,,,,DiffusionART,0.9761310815811157
f9la5w7l,https://wandb.ai/vanzl3386-chinese-university-of-hong-kong-shenzhen/flow-grpo-algo/runs/f9la5w7l,130,65,0,,130,train_ocr,42,,,,,,,,,,,,,DiffusionART,0.9580429196357727
f9la5w7l,https://wandb.ai/vanzl3386-chinese-university-of-hong-kong-shenzhen/flow-grpo-algo/runs/f9la5w7l,132,66,0,,132,train_ocr,42,,,,,,,,,,,,,DiffusionART,0.9846906661987305
f9la5w7l,https://wandb.ai/vanzl3386-chinese-university-of-hong-kong-shenzhen/flow-grpo-algo/runs/f9la5w7l,134,67,0,,134,train_ocr,42,,,,,,,,,,,,,DiffusionART,0.9812511205673218
f9la5w7l,https://wandb.ai/vanzl3386-chinese-university-of-hong-kong-shenzhen/flow-grpo-algo/runs/f9la5w7l,136,68,0,,136,train_ocr,42,,,,,,,,,,,,,DiffusionART,0.9681450724601746
f9la5w7l,https://wandb.ai/vanzl3386-chinese-university-of-hong-kong-shenzhen/flow-grpo-algo/runs/f9la5w7l,138,69,0,,138,train_ocr,42,,,,,,,,,,,,,DiffusionART,0.9789854288101196
f9la5w7l,https://wandb.ai/vanzl3386-chinese-university-of-hong-kong-shenzhen/flow-grpo-algo/runs/f9la5w7l,140,70,0,,140,train_ocr,42,,,,,,,,,,,,,DiffusionART,0.9682649374008179
f9la5w7l,https://wandb.ai/vanzl3386-chinese-university-of-hong-kong-shenzhen/flow-grpo-algo/runs/f9la5w7l,142,71,0,,142,train_ocr,42,,,,,,,,,,,,,DiffusionART,0.9762560725212097
f9la5w7l,https://wandb.ai/vanzl3386-chinese-university-of-hong-kong-shenzhen/flow-grpo-algo/runs/f9la5w7l,144,72,0,,144,train_ocr,42,,,,,,,,,,,,,DiffusionART,0.9762648344039917
f9la5w7l,https://wandb.ai/vanzl3386-chinese-university-of-hong-kong-shenzhen/flow-grpo-algo/runs/f9la5w7l,146,73,0,,146,train_ocr,42,,,,,,,,,,,,,DiffusionART,0.9622548222541809
f9la5w7l,https://wandb.ai/vanzl3386-chinese-university-of-hong-kong-shenzhen/flow-grpo-algo/runs/f9la5w7l,148,74,0,,148,train_ocr,42,,,,,,,,,,,,,DiffusionART,0.9898380041122437
f9la5w7l,https://wandb.ai/vanzl3386-chinese-university-of-hong-kong-shenzhen/flow-grpo-algo/runs/f9la5w7l,150,75,0,,150,train_ocr,42,,,,,,,,,,,,,DiffusionART,0.98199862241745
f9la5w7l,https://wandb.ai/vanzl3386-chinese-university-of-hong-kong-shenzhen/flow-grpo-algo/runs/f9la5w7l,152,76,0,,152,train_ocr,42,,,,,,,,,,,,,DiffusionART,0.980372428894043
f9la5w7l,https://wandb.ai/vanzl3386-chinese-university-of-hong-kong-shenzhen/flow-grpo-algo/runs/f9la5w7l,154,77,0,,154,train_ocr,42,,,,,,,,,,,,,DiffusionART,0.963675856590271
f9la5w7l,https://wandb.ai/vanzl3386-chinese-university-of-hong-kong-shenzhen/flow-grpo-algo/runs/f9la5w7l,156,78,0,,156,train_ocr,42,,,,,,,,,,,,,DiffusionART,0.9679784774780273
f9la5w7l,https://wandb.ai/vanzl3386-chinese-university-of-hong-kong-shenzhen/flow-grpo-algo/runs/f9la5w7l,158,79,0,,158,train_ocr,42,,,,,,,,,,,,,DiffusionART,0.9796646237373352
f9la5w7l,https://wandb.ai/vanzl3386-chinese-university-of-hong-kong-shenzhen/flow-grpo-algo/runs/f9la5w7l,160,80,0,,160,train_ocr,42,,,,,,,,,,,,,DiffusionART,0.9833747744560242
f9la5w7l,https://wandb.ai/vanzl3386-chinese-university-of-hong-kong-shenzhen/flow-grpo-algo/runs/f9la5w7l,162,81,0,,162,train_ocr,42,,,,,,,,,,,,,DiffusionART,0.9762765169143677
f9la5w7l,https://wandb.ai/vanzl3386-chinese-university-of-hong-kong-shenzhen/flow-grpo-algo/runs/f9la5w7l,164,82,0,,164,train_ocr,42,,,,,,,,,,,,,DiffusionART,0.9740309715270996
f9la5w7l,https://wandb.ai/vanzl3386-chinese-university-of-hong-kong-shenzhen/flow-grpo-algo/runs/f9la5w7l,166,83,0,,166,train_ocr,42,,,,,,,,,,,,,DiffusionART,0.9857470393180847
f9la5w7l,https://wandb.ai/vanzl3386-chinese-university-of-hong-kong-shenzhen/flow-grpo-algo/runs/f9la5w7l,168,84,0,,168,train_ocr,42,,,,,,,,,,,,,DiffusionART,0.9714816212654114
f9la5w7l,https://wandb.ai/vanzl3386-chinese-university-of-hong-kong-shenzhen/flow-grpo-algo/runs/f9la5w7l,170,85,0,,170,train_ocr,42,,,,,,,,,,,,,DiffusionART,0.9788849949836731
f9la5w7l,https://wandb.ai/vanzl3386-chinese-university-of-hong-kong-shenzhen/flow-grpo-algo/runs/f9la5w7l,172,86,0,,172,train_ocr,42,,,,,,,,,,,,,DiffusionART,0.9747031331062317
f9la5w7l,https://wandb.ai/vanzl3386-chinese-university-of-hong-kong-shenzhen/flow-grpo-algo/runs/f9la5w7l,174,87,0,,174,train_ocr,42,,,,,,,,,,,,,DiffusionART,0.9791580438613892
f9la5w7l,https://wandb.ai/vanzl3386-chinese-university-of-hong-kong-shenzhen/flow-grpo-algo/runs/f9la5w7l,176,88,0,,176,train_ocr,42,,,,,,,,,,,,,DiffusionART,0.9594067335128784
f9la5w7l,https://wandb.ai/vanzl3386-chinese-university-of-hong-kong-shenzhen/flow-grpo-algo/runs/f9la5w7l,178,89,0,,178,train_ocr,42,,,,,,,,,,,,,DiffusionART,0.9657255411148071
f9la5w7l,https://wandb.ai/vanzl3386-chinese-university-of-hong-kong-shenzhen/flow-grpo-algo/runs/f9la5w7l,180,90,0,,180,train_ocr,42,,,,,,,,,,,,,DiffusionART,0.9744318723678589
f9la5w7l,https://wandb.ai/vanzl3386-chinese-university-of-hong-kong-shenzhen/flow-grpo-algo/runs/f9la5w7l,182,91,0,,182,train_ocr,42,,,,,,,,,,,,,DiffusionART,0.9714733362197876
f9la5w7l,https://wandb.ai/vanzl3386-chinese-university-of-hong-kong-shenzhen/flow-grpo-algo/runs/f9la5w7l,184,92,0,,184,train_ocr,42,,,,,,,,,,,,,DiffusionART,0.9674139022827148
f9la5w7l,https://wandb.ai/vanzl3386-chinese-university-of-hong-kong-shenzhen/flow-grpo-algo/runs/f9la5w7l,186,93,0,,186,train_ocr,42,,,,,,,,,,,,,DiffusionART,0.9523431658744812
f9la5w7l,https://wandb.ai/vanzl3386-chinese-university-of-hong-kong-shenzhen/flow-grpo-algo/runs/f9la5w7l,188,94,0,,188,train_ocr,42,,,,,,,,,,,,,DiffusionART,0.9796168208122253
f9la5w7l,https://wandb.ai/vanzl3386-chinese-university-of-hong-kong-shenzhen/flow-grpo-algo/runs/f9la5w7l,190,95,0,,190,train_ocr,42,,,,,,,,,,,,,DiffusionART,0.9517528414726257
f9la5w7l,https://wandb.ai/vanzl3386-chinese-university-of-hong-kong-shenzhen/flow-grpo-algo/runs/f9la5w7l,192,96,0,,192,train_ocr,42,,,,,,,,,,,,,DiffusionART,0.9407544136047363
f9la5w7l,https://wandb.ai/vanzl3386-chinese-university-of-hong-kong-shenzhen/flow-grpo-algo/runs/f9la5w7l,194,97,0,,194,train_ocr,42,,,,,,,,,,,,,DiffusionART,0.9685291051864624
f9la5w7l,https://wandb.ai/vanzl3386-chinese-university-of-hong-kong-shenzhen/flow-grpo-algo/runs/f9la5w7l,196,98,0,,196,train_ocr,42,,,,,,,,,,,,,DiffusionART,0.9710191488265991
f9la5w7l,https://wandb.ai/vanzl3386-chinese-university-of-hong-kong-shenzhen/flow-grpo-algo/runs/f9la5w7l,198,99,0,,198,train_ocr,42,,,,,,,,,,,,,DiffusionART,0.9727962613105774
f9la5w7l,https://wandb.ai/vanzl3386-chinese-university-of-hong-kong-shenzhen/flow-grpo-algo/runs/f9la5w7l,200,100,0,,200,train_ocr,42,,,,,,,,,,,,,DiffusionART,0.9774637222290039
f9la5w7l,https://wandb.ai/vanzl3386-chinese-university-of-hong-kong-shenzhen/flow-grpo-algo/runs/f9la5w7l,202,101,0,,202,train_ocr,42,,,,,,,,,,,,,DiffusionART,0.9800101518630981
f9la5w7l,https://wandb.ai/vanzl3386-chinese-university-of-hong-kong-shenzhen/flow-grpo-algo/runs/f9la5w7l,204,102,0,,204,train_ocr,42,,,,,,,,,,,,,DiffusionART,0.9803066253662109
f9la5w7l,https://wandb.ai/vanzl3386-chinese-university-of-hong-kong-shenzhen/flow-grpo-algo/runs/f9la5w7l,206,103,0,,206,train_ocr,42,,,,,,,,,,,,,DiffusionART,0.9740411639213562
f9la5w7l,https://wandb.ai/vanzl3386-chinese-university-of-hong-kong-shenzhen/flow-grpo-algo/runs/f9la5w7l,208,104,0,,208,train_ocr,42,,,,,,,,,,,,,DiffusionART,0.9699736833572388
f9la5w7l,https://wandb.ai/vanzl3386-chinese-university-of-hong-kong-shenzhen/flow-grpo-algo/runs/f9la5w7l,210,105,0,,210,train_ocr,42,,,,,,,,,,,,,DiffusionART,0.9712511897087097
f9la5w7l,https://wandb.ai/vanzl3386-chinese-university-of-hong-kong-shenzhen/flow-grpo-algo/runs/f9la5w7l,212,106,0,,212,train_ocr,42,,,,,,,,,,,,,DiffusionART,0.9681495428085327
f9la5w7l,https://wandb.ai/vanzl3386-chinese-university-of-hong-kong-shenzhen/flow-grpo-algo/runs/f9la5w7l,214,107,0,,214,train_ocr,42,,,,,,,,,,,,,DiffusionART,0.961340069770813
f9la5w7l,https://wandb.ai/vanzl3386-chinese-university-of-hong-kong-shenzhen/flow-grpo-algo/runs/f9la5w7l,216,108,0,,216,train_ocr,42,,,,,,,,,,,,,DiffusionART,0.9731508493423462
f9la5w7l,https://wandb.ai/vanzl3386-chinese-university-of-hong-kong-shenzhen/flow-grpo-algo/runs/f9la5w7l,218,109,0,,218,train_ocr,42,,,,,,,,,,,,,DiffusionART,0.9801691174507141
f9la5w7l,https://wandb.ai/vanzl3386-chinese-university-of-hong-kong-shenzhen/flow-grpo-algo/runs/f9la5w7l,220,110,0,,220,train_ocr,42,,,,,,,,,,,,,DiffusionART,0.973763644695282
f9la5w7l,https://wandb.ai/vanzl3386-chinese-university-of-hong-kong-shenzhen/flow-grpo-algo/runs/f9la5w7l,222,111,0,,222,train_ocr,42,,,,,,,,,,,,,DiffusionART,0.9764236211776733
f9la5w7l,https://wandb.ai/vanzl3386-chinese-university-of-hong-kong-shenzhen/flow-grpo-algo/runs/f9la5w7l,224,112,0,,224,train_ocr,42,,,,,,,,,,,,,DiffusionART,0.9691575169563293
f9la5w7l,https://wandb.ai/vanzl3386-chinese-university-of-hong-kong-shenzhen/flow-grpo-algo/runs/f9la5w7l,226,113,0,,226,train_ocr,42,,,,,,,,,,,,,DiffusionART,0.9598809480667114
f9la5w7l,https://wandb.ai/vanzl3386-chinese-university-of-hong-kong-shenzhen/flow-grpo-algo/runs/f9la5w7l,228,114,0,,228,train_ocr,42,,,,,,,,,,,,,DiffusionART,0.9696925282478333
f9la5w7l,https://wandb.ai/vanzl3386-chinese-university-of-hong-kong-shenzhen/flow-grpo-algo/runs/f9la5w7l,230,115,0,,230,train_ocr,42,,,,,,,,,,,,,DiffusionART,0.9393202066421509
f9la5w7l,https://wandb.ai/vanzl3386-chinese-university-of-hong-kong-shenzhen/flow-grpo-algo/runs/f9la5w7l,232,116,0,,232,train_ocr,42,,,,,,,,,,,,,DiffusionART,0.9565064311027527
f9la5w7l,https://wandb.ai/vanzl3386-chinese-university-of-hong-kong-shenzhen/flow-grpo-algo/runs/f9la5w7l,234,117,0,,234,train_ocr,42,,,,,,,,,,,,,DiffusionART,0.948453426361084
f9la5w7l,https://wandb.ai/vanzl3386-chinese-university-of-hong-kong-shenzhen/flow-grpo-algo/runs/f9la5w7l,236,118,0,,236,train_ocr,42,,,,,,,,,,,,,DiffusionART,0.9235984086990356
f9la5w7l,https://wandb.ai/vanzl3386-chinese-university-of-hong-kong-shenzhen/flow-grpo-algo/runs/f9la5w7l,238,119,0,,238,train_ocr,42,,,,,,,,,,,,,DiffusionART,0.9446698427200317
f9la5w7l,https://wandb.ai/vanzl3386-chinese-university-of-hong-kong-shenzhen/flow-grpo-algo/runs/f9la5w7l,240,120,0,,240,train_ocr,42,,,,,,,,,,,,,DiffusionART,0.9587281346321106
f9la5w7l,https://wandb.ai/vanzl3386-chinese-university-of-hong-kong-shenzhen/flow-grpo-algo/runs/f9la5w7l,242,121,0,,242,train_ocr,42,,,,,,,,,,,,,DiffusionART,0.959161639213562
f9la5w7l,https://wandb.ai/vanzl3386-chinese-university-of-hong-kong-shenzhen/flow-grpo-algo/runs/f9la5w7l,244,122,0,,244,train_ocr,42,,,,,,,,,,,,,DiffusionART,0.9619417190551758
f9la5w7l,https://wandb.ai/vanzl3386-chinese-university-of-hong-kong-shenzhen/flow-grpo-algo/runs/f9la5w7l,246,123,0,,246,train_ocr,42,,,,,,,,,,,,,DiffusionART,0.972753643989563
f9la5w7l,https://wandb.ai/vanzl3386-chinese-university-of-hong-kong-shenzhen/flow-grpo-algo/runs/f9la5w7l,248,124,0,,248,train_ocr,42,,,,,,,,,,,,,DiffusionART,0.9591463208198547
f9la5w7l,https://wandb.ai/vanzl3386-chinese-university-of-hong-kong-shenzhen/flow-grpo-algo/runs/f9la5w7l,250,125,0,,250,train_ocr,42,,,,,,,,,,,,,DiffusionART,0.9710783958435059
f9la5w7l,https://wandb.ai/vanzl3386-chinese-university-of-hong-kong-shenzhen/flow-grpo-algo/runs/f9la5w7l,252,126,0,,252,train_ocr,42,,,,,,,,,,,,,DiffusionART,0.9733554124832153
